english,portuguese,type,example_en,example_pt,present,past_perfeito,past_imperfeito,future
to be,ser,verb-irregular,I am happy.,Eu sou feliz.,sou|és|é|somos|sois|são,fui|foste|foi|fomos|fostes|foram,era|eras|era|éramos|éreis|eram,serei|serás|será|seremos|sereis|serão
to have,ter,verb-irregular,I have a car.,Eu tenho um carro.,tenho|tens|tem|temos|tendes|têm,tive|tiveste|teve|tivemos|tivestes|tiveram,tinha|tinhas|tinha|tínhamos|tínheis|tinham,terei|terás|terá|teremos|tereis|terão
to be,estar,verb-irregular,I am at home.,Eu estou em casa.,estou|estás|está|estamos|estais|estão,estive|estiveste|esteve|estivemos|estivestes|estiveram,estava|estavas|estava|estávamos|estáveis|estavam,estarei|estarás|estará|estaremos|estareis|estarão
to do,fazer,verb-irregular,What do you do?,O que fazes?,faço|fazes|faz|fazemos|fazeis|fazem,fiz|fizeste|fez|fizemos|fizestes|fizeram,fazia|fazias|fazia|fazíamos|fazíeis|faziam,farei|farás|fará|faremos|fareis|farão
to go,ir,verb-irregular,I go to school.,Eu vou à escola.,vou|vais|vai|vamos|ides|vão,fui|foste|foi|fomos|fostes|foram,ia|ias|ia|íamos|íeis|iam,irei|irás|irá|iremos|ireis|irão
to say,dizer,verb-irregular,I say the truth.,Eu digo a verdade.,digo|dizes|diz|dizemos|dizeis|dizem,disse|disseste|disse|dissemos|dissestes|disseram,dizia|dizias|dizia|dizíamos|dizíeis|diziam,direi|dirás|dirá|diremos|direis|dirão
to give,dar,verb-irregular,I give you a gift.,Eu dou-te um presente.,dou|dás|dá|damos|dais|dão,dei|deste|deu|demos|destes|deram,dava|davas|dava|dávamos|dáveis|davam,darei|darás|dará|daremos|dareis|darão
to see,ver,verb-irregular,I see the sea.,Eu vejo o mar.,vejo|vês|vê|vemos|vedes|veem,vi|viste|viu|vimos|vistes|viram,via|vias|via|víamos|víeis|viam,verei|verás|verá|veremos|vereis|verão
to know,saber,verb-irregular,I know the answer.,Eu sei a resposta.,sei|sabes|sabe|sabemos|sabeis|sabem,soube|soubeste|soube|soubemos|soubestes|souberam,sabia|sabias|sabia|sabíamos|sabíeis|sabiam,saberei|saberás|saberá|saberemos|sabereis|saberão
to come,vir,verb-irregular,I come from Portugal.,Eu venho de Portugal.,venho|vens|vem|vimos|vindes|vêm,vim|vieste|veio|viemos|viestes|vieram,vinha|vinhas|vinha|vínhamos|vínheis|vinham,virei|virás|virá|viremos|vireis|virão
can,poder,verb-irregular,I can help you.,Eu posso ajudar-te.,posso|podes|pode|podemos|podeis|podem,pude|pudeste|pôde|pudemos|pudestes|puderam,podia|podias|podia|podíamos|podíeis|podiam,poderei|poderás|poderá|poderemos|podereis|poderão
to want,querer,verb-irregular,I want coffee.,Eu quero café.,quero|queres|quer|queremos|quereis|querem,quis|quiseste|quis|quisemos|quisestes|quiseram,queria|querias|queria|queríamos|queríeis|queriam,quererei|quererás|quererá|quereremos|querereis|quererão
year,ano,noun,I was born last year.,Nasci no ano passado.,,,
day,dia,noun,Today is a beautiful day.,Hoje é um dia bonito.,,,
person,pessoa,noun,She is a nice person.,Ela é uma pessoa simpática.,,,
time,tempo,noun,I don't have time.,Eu não tenho tempo.,,,
house,casa,noun,My house is big.,A minha casa é grande.,,,
world,mundo,noun,The world is big.,O mundo é grande.,,,
life,vida,noun,Life is beautiful.,A vida é bela.,,,
way,caminho,noun,This is the way.,Este é o caminho.,,,
man,homem,noun,The man is tall.,O homem é alto.,,,
woman,mulher,noun,The woman is smart.,A mulher é inteligente.,,,
child,criança,noun,The child plays.,A criança brinca.,,,
friend,amigo,noun,He is my friend.,Ele é o meu amigo.,,,
water,água,noun,I drink water.,Eu bebo água.,,,
food,comida,noun,The food is delicious.,A comida é deliciosa.,,,
book,livro,noun,I read a book.,Eu leio um livro.,,,
city,cidade,noun,The city is beautiful.,A cidade é bonita.,,,
country,país,noun,Portugal is a country.,Portugal é um país.,,,
work,trabalho,noun,I have work.,Eu tenho trabalho.,,,
school,escola,noun,The school is closed.,A escola está fechada.,,,
family,família,noun,I love my family.,Eu amo a minha família.,,,
name,nome,noun,What's your name?,Qual é o teu nome?,,,
hand,mão,noun,Raise your hand.,Levanta a mão.,,,
head,cabeça,noun,My head hurts.,A minha cabeça dói.,,,
eye,olho,noun,Your eyes are beautiful.,Os teus olhos são bonitos.,,,
place,lugar,noun,This is a nice place.,Este é um lugar bonito.,,,
door,porta,noun,Close the door.,Fecha a porta.,,,
car,carro,noun,I have a car.,Eu tenho um carro.,,,
street,rua,noun,The street is busy.,A rua está movimentada.,,,
table,mesa,noun,The table is clean.,A mesa está limpa.,,,
room,quarto,noun,My room is small.,O meu quarto é pequeno.,,,
window,janela,noun,Open the window.,Abre a janela.,,,
money,dinheiro,noun,I need money.,Eu preciso de dinheiro.,,,
hour,hora,noun,What time is it?,Que horas são?,,,
week,semana,noun,See you next week.,Até a próxima semana.,,,
month,mês,noun,This month is June.,Este mês é junho.,,,
morning,manhã,noun,Good morning.,Bom dia.,,,
night,noite,noun,Good night.,Boa noite.,,,
afternoon,tarde,noun,Good afternoon.,Boa tarde.,,,
minute,minuto,noun,Wait a minute.,Espera um minuto.,,,
moment,momento,noun,Wait a moment.,Espera um momento.,,,
question,questão,noun,I have a question.,Eu tenho uma questão.,,,
answer,resposta,noun,I know the answer.,Eu sei a resposta.,,,
problem,problema,noun,I have a problem.,Eu tenho um problema.,,,
idea,ideia,noun,I have an idea.,Eu tenho uma ideia.,,,
word,palavra,noun,What does this word mean?,O que significa esta palavra?,,,
number,número,noun,Write your phone number.,Escreve o teu número de telefone.,,,
example,exemplo,noun,For example.,Por exemplo.,,,
group,grupo,noun,Join our group.,Junta-te ao nosso grupo.,,,
teacher,professor,noun,The teacher explains well.,O professor explica bem.,,,
student,aluno,noun,The student studies.,O aluno estuda.,,,
music,música,noun,I like music.,Eu gosto de música.,,,
body,corpo,noun,Exercise is good for the body.,O exercício faz bem ao corpo.,,,
father,pai,noun,My father works.,O meu pai trabalha.,,,
mother,mãe,noun,My mother cooks.,A minha mãe cozinha.,,,
son,filho,noun,He is my son.,Ele é o meu filho.,,,
daughter,filha,noun,She is my daughter.,Ela é a minha filha.,,,
brother,irmão,noun,I have a brother.,Eu tenho um irmão.,,,
sister,irmã,noun,She is my sister.,Ela é a minha irmã.,,,
to work,trabalhar,verb-regular,I work here.,Eu trabalho aqui.,trabalho|trabalhas|trabalha|trabalhamos|trabalhais|trabalham,trabalhei|trabalhaste|trabalhou|trabalhamos|trabalhastes|trabalharam,trabalhava|trabalhavas|trabalhava|trabalhávamos|trabalháveis|trabalhavam,trabalharei|trabalharás|trabalhará|trabalharemos|trabalhareis|trabalharão
to speak,falar,verb-regular,I speak Portuguese.,Eu falo português.,falo|falas|fala|falamos|falais|falam,falei|falaste|falou|falamos|falastes|falaram,falava|falavas|falava|falávamos|faláveis|falavam,falarei|falarás|falará|falaremos|falareis|falarão
to eat,comer,verb-regular,I eat bread.,Eu como pão.,como|comes|come|comemos|comeis|comem,comi|comeste|comeu|comemos|comestes|comeram,comia|comias|comia|comíamos|comíeis|comiam,comerei|comerás|comerá|comeremos|comereis|comerão
to live,viver,verb-regular,I live in Portugal.,Eu vivo em Portugal.,vivo|vives|vive|vivemos|viveis|vivem,vivi|viveste|viveu|vivemos|vivestes|viveram,vivia|vivias|vivia|vivíamos|vivíeis|viviam,viverei|viverás|viverá|viveremos|vivereis|viverão
to drink,beber,verb-regular,I drink water.,Eu bebo água.,bebo|bebes|bebe|bebemos|bebeis|bebem,bebi|bebeste|bebeu|bebemos|bebestes|beberam,bebia|bebias|bebia|bebíamos|bebíeis|bebiam,beberei|beberás|beberá|beberemos|bebereis|beberão
to learn,aprender,verb-regular,I learn Portuguese.,Eu aprendo português.,aprendo|aprendes|aprende|aprendemos|aprendeis|aprendem,aprendi|aprendeste|aprendeu|aprendemos|aprendestes|aprenderam,aprendia|aprendias|aprendia|aprendíamos|aprendíeis|aprendiam,aprenderei|aprenderás|aprenderá|aprenderemos|aprendereis|aprenderão
to study,estudar,verb-regular,I study every day.,Eu estudo todos os dias.,estudo|estudas|estuda|estudamos|estudais|estudam,estudei|estudaste|estudou|estudamos|estudastes|estudaram,estudava|estudavas|estudava|estudávamos|estudáveis|estudavam,estudarei|estudarás|estudará|estudaremos|estudareis|estudarão
to help,ajudar,verb-regular,I help you.,Eu ajudo-te.,ajudo|ajudas|ajuda|ajudamos|ajudais|ajudam,ajudei|ajudaste|ajudou|ajudamos|ajudastes|ajudaram,ajudava|ajudavas|ajudava|ajudávamos|ajudáveis|ajudavam,ajudarei|ajudarás|ajudará|ajudaremos|ajudareis|ajudarão
to need,precisar,verb-regular,I need help.,Eu preciso de ajuda.,preciso|precisas|precisa|precisamos|precisais|precisam,precisei|precisaste|precisou|precisamos|precisastes|precisaram,precisava|precisavas|precisava|precisávamos|precisáveis|precisavam,precisarei|precisarás|precisará|precisaremos|precisareis|precisarão
to like,gostar,verb-regular,I like coffee.,Eu gosto de café.,gosto|gostas|gosta|gostamos|gostais|gostam,gostei|gostaste|gostou|gostamos|gostastes|gostaram,gostava|gostavas|gostava|gostávamos|gostáveis|gostavam,gostarei|gostarás|gostará|gostaremos|gostareis|gostarão
to love,amar,verb-regular,I love you.,Eu amo-te.,amo|amas|ama|amamos|amais|amam,amei|amaste|amou|amamos|amastes|amaram,amava|amavas|amava|amávamos|amáveis|amavam,amarei|amarás|amará|amaremos|amareis|amarão
to buy,comprar,verb-regular,I buy bread.,Eu compro pão.,compro|compras|compra|compramos|comprais|compram,comprei|compraste|comprou|compramos|comprastes|compraram,comprava|compravas|comprava|comprávamos|compráveis|compravam,comprarei|comprarás|comprará|compraremos|comprareis|comprarão
to sell,vender,verb-regular,I sell products.,Eu vendo produtos.,vendo|vendes|vende|vendemos|vendeis|vendem,vendi|vendeste|vendeu|vendemos|vendestes|venderam,vendia|vendias|vendia|vendíamos|vendíeis|vendiam,venderei|venderás|venderá|venderemos|vendereis|venderão
to play,jogar,verb-regular,I play football.,Eu jogo futebol.,jogo|jogas|joga|jogamos|jogais|jogam,joguei|jogaste|jogou|jogamos|jogastes|jogaram,jogava|jogavas|jogava|jogávamos|jogáveis|jogavam,jogarei|jogarás|jogará|jogaremos|jogareis|jogarão
to wait,esperar,verb-regular,I wait for you.,Eu espero por ti.,espero|esperas|espera|esperamos|esperais|esperam,esperei|esperaste|esperou|esperamos|esperastes|esperaram,esperava|esperavas|esperava|esperávamos|esperáveis|esperavam,esperarei|esperarás|esperará|esperaremos|esperareis|esperarão
to arrive,chegar,verb-regular,I arrive late.,Eu chego atrasado.,chego|chegas|chega|chegamos|chegais|chegam,cheguei|chegaste|chegou|chegamos|chegastes|chegaram,chegava|chegavas|chegava|chegávamos|chegáveis|chegavam,chegarei|chegarás|chegará|chegaremos|chegareis|chegarão
to leave,deixar,verb-regular,I leave home.,Eu deixo a casa.,deixo|deixas|deixa|deixamos|deixais|deixam,deixei|deixaste|deixou|deixamos|deixastes|deixaram,deixava|deixavas|deixava|deixávamos|deixáveis|deixavam,deixarei|deixarás|deixará|deixaremos|deixareis|deixarão
to walk,andar,verb-regular,I walk every day.,Eu ando todos os dias.,ando|andas|anda|andamos|andais|andam,andei|andaste|andou|andamos|andastes|andaram,andava|andavas|andava|andávamos|andáveis|andavam,andarei|andarás|andará|andaremos|andareis|andarão
to run,correr,verb-regular,I run fast.,Eu corro rápido.,corro|corres|corre|corremos|correis|correm,corri|correste|correu|corremos|correstes|correram,corria|corrias|corria|corríamos|corríeis|corriam,correrei|correrás|correrá|correremos|correreis|correrão
to open,abrir,verb-regular,I open the door.,Eu abro a porta.,abro|abres|abre|abrimos|abris|abrem,abri|abriste|abriu|abrimos|abristes|abriram,abria|abrias|abria|abríamos|abríeis|abriam,abrirei|abrirás|abrirá|abriremos|abrireis|abrirão
to close,fechar,verb-regular,I close the window.,Eu fecho a janela.,fecho|fechas|fecha|fechamos|fechais|fecham,fechei|fechaste|fechou|fechamos|fechastes|fecharam,fechava|fechavas|fechava|fechávamos|fecháveis|fechavam,fecharei|fecharás|fechará|fecharemos|fechareis|fecharão
to write,escrever,verb-regular,I write a letter.,Eu escrevo uma carta.,escrevo|escreves|escreve|escrevemos|escreveis|escrevem,escrevi|escreveste|escreveu|escrevemos|escrevestes|escreveram,escrevia|escrevias|escrevia|escrevíamos|escrevíeis|escreviam,escreverei|escreverás|escreverá|escreveremos|escrevereis|escreverão
to read,ler,verb-irregular,I read books.,Eu leio livros.,leio|lês|lê|lemos|ledes|leem,li|leste|leu|lemos|lestes|leram,lia|lias|lia|líamos|líeis|liam,lerei|lerás|lerá|leremos|lereis|lerão
to understand,entender,verb-regular,I understand you.,Eu entendo-te.,entendo|entendes|entende|entendemos|entendeis|entendem,entendi|entendeste|entendeu|entendemos|entendestes|entenderam,entendia|entendias|entendia|entendíamos|entendíeis|entendiam,entenderei|entenderás|entenderá|entenderemos|entendereis|entenderão
to think,pensar,verb-regular,I think about you.,Eu penso em ti.,penso|pensas|pensa|pensamos|pensais|pensam,pensei|pensaste|pensou|pensamos|pensastes|pensaram,pensava|pensavas|pensava|pensávamos|pensáveis|pensavam,pensarei|pensarás|pensará|pensaremos|pensareis|pensarão
to believe,acreditar,verb-regular,I believe in you.,Eu acredito em ti.,acredito|acreditas|acredita|acreditamos|acreditais|acreditam,acreditei|acreditaste|acreditou|acreditamos|acreditastes|acreditaram,acreditava|acreditavas|acreditava|acreditávamos|acreditáveis|acreditavam,acreditarei|acreditarás|acreditará|acreditaremos|acreditareis|acreditarão
to find,encontrar,verb-regular,I find my keys.,Eu encontro as minhas chaves.,encontro|encontras|encontra|encontramos|encontrais|encontram,encontrei|encontraste|encontrou|encontramos|encontrastes|encontraram,encontrava|encontravas|encontrava|encontrávamos|encontráveis|encontravam,encontrarei|encontrarás|encontrará|encontraremos|encontrareis|encontrarão
to look,olhar,verb-regular,I look at you.,Eu olho para ti.,olho|olhas|olha|olhamos|olhais|olham,olhei|olhaste|olhou|olhamos|olhastes|olharam,olhava|olhavas|olhava|olhávamos|olháveis|olhavam,olharei|olharás|olhará|olharemos|olhareis|olharão
to hear,ouvir,verb-irregular,I hear you.,Eu ouço-te.,ouço|ouves|ouve|ouvimos|ouvis|ouvem,ouvi|ouviste|ouviu|ouvimos|ouvistes|ouviram,ouvia|ouvias|ouvia|ouvíamos|ouvíeis|ouviam,ouvirei|ouvirás|ouvirá|ouviremos|ouvireis|ouvirão
to listen,escutar,verb-regular,I listen to music.,Eu escuto música.,escuto|escutas|escuta|escutamos|escutais|escutam,escutei|escutaste|escutou|escutamos|escutastes|escutaram,escutava|escutavas|escutava|escutávamos|escutáveis|escutavam,escutarei|escutarás|escutará|escutaremos|escutareis|escutarão
to feel,sentir,verb-irregular,I feel happy.,Eu sinto-me feliz.,sinto|sentes|sente|sentimos|sentis|sentem,senti|sentiste|sentiu|sentimos|sentistes|sentiram,sentia|sentias|sentia|sentíamos|sentíeis|sentiam,sentirei|sentirás|sentirá|sentiremos|sentireis|sentirão
to try,tentar,verb-regular,I try my best.,Eu tento o meu melhor.,tento|tentas|tenta|tentamos|tentais|tentam,tentei|tentaste|tentou|tentamos|tentastes|tentaram,tentava|tentavas|tentava|tentávamos|tentáveis|tentavam,tentarei|tentarás|tentará|tentaremos|tentareis|tentarão
to use,usar,verb-regular,I use it daily.,Eu uso diariamente.,uso|usas|usa|usamos|usais|usam,usei|usaste|usou|usamos|usastes|usaram,usava|usavas|usava|usávamos|usáveis|usavam,usarei|usarás|usará|usaremos|usareis|usarão
to start,começar,verb-regular,I start work.,Eu começo o trabalho.,começo|começas|começa|começamos|começais|começam,comecei|começaste|começou|começamos|começastes|começaram,começava|começavas|começava|começávamos|começáveis|começavam,começarei|começarás|começará|começaremos|começareis|começarão
to finish,acabar,verb-regular,I finish my work.,Eu acabo o meu trabalho.,acabo|acabas|acaba|acabamos|acabais|acabam,acabei|acabaste|acabou|acabamos|acabastes|acabaram,acabava|acabavas|acabava|acabávamos|acabáveis|acabavam,acabarei|acabarás|acabará|acabaremos|acabareis|acabarão
to continue,continuar,verb-regular,I continue working.,Eu continuo a trabalhar.,continuo|continuas|continua|continuamos|continuais|continuam,continuei|continuaste|continuou|continuamos|continuastes|continuaram,continuava|continuavas|continuava|continuávamos|continuáveis|continuavam,continuarei|continuarás|continuará|continuaremos|continuareis|continuarão
to stop,parar,verb-regular,I stop the car.,Eu paro o carro.,paro|paras|para|paramos|parais|param,parei|paraste|parou|paramos|parastes|pararam,parava|paravas|parava|parávamos|paráveis|paravam,pararei|pararás|parará|pararemos|parareis|pararão
to stay,ficar,verb-regular,I stay at home.,Eu fico em casa.,fico|ficas|fica|ficamos|ficais|ficam,fiquei|ficaste|ficou|ficamos|ficastes|ficaram,ficava|ficavas|ficava|ficávamos|ficáveis|ficavam,ficarei|ficarás|ficará|ficaremos|ficareis|ficarão
to return,voltar,verb-regular,I return home.,Eu volto para casa.,volto|voltas|volta|voltamos|voltais|voltam,voltei|voltaste|voltou|voltamos|voltastes|voltaram,voltava|voltavas|voltava|voltávamos|voltáveis|voltavam,voltarei|voltarás|voltará|voltaremos|voltareis|voltarão
to bring,trazer,verb-irregular,I bring food.,Eu trago comida.,trago|trazes|traz|trazemos|trazeis|trazem,trouxe|trouxeste|trouxe|trouxemos|trouxestes|trouxeram,trazia|trazias|trazia|trazíamos|trazíeis|traziam,trarei|trarás|trará|traremos|trareis|trarão
to take,levar,verb-regular,I take the bus.,Eu levo o autocarro.,levo|levas|leva|levamos|levais|levam,levei|levaste|levou|levamos|levastes|levaram,levava|levavas|levava|levávamos|leváveis|levavam,levarei|levarás|levará|levaremos|levareis|levarão
good,bom,adjective,This is a good book.,Este é um bom livro.,,,
bad,mau,adjective,This is bad weather.,Este é mau tempo.,,,
big,grande,adjective,The house is big.,A casa é grande.,,,
small,pequeno,adjective,The room is small.,O quarto é pequeno.,,,
new,novo,adjective,I have a new car.,Eu tenho um carro novo.,,,
old,velho,adjective,This is an old house.,Esta é uma casa velha.,,,
young,jovem,adjective,She is young.,Ela é jovem.,,,
beautiful,bonito,adjective,The view is beautiful.,A vista é bonita.,,,
ugly,feio,adjective,That's ugly.,Isso é feio.,,,
hot,quente,adjective,The coffee is hot.,O café está quente.,,,
cold,frio,adjective,The water is cold.,A água está fria.,,,
happy,feliz,adjective,I am happy.,Eu estou feliz.,,,
sad,triste,adjective,She is sad.,Ela está triste.,,,
easy,fácil,adjective,This is easy.,Isto é fácil.,,,
difficult,difícil,adjective,This is difficult.,Isto é difícil.,,,
important,importante,adjective,This is important.,Isto é importante.,,,
interesting,interessante,adjective,The book is interesting.,O livro é interessante.,,,
boring,chato,adjective,The movie is boring.,O filme é chato.,,,
fast,rápido,adjective,The car is fast.,O carro é rápido.,,,
slow,lento,adjective,The turtle is slow.,A tartaruga é lenta.,,,
clean,limpo,adjective,The house is clean.,A casa está limpa.,,,
dirty,sujo,adjective,The shirt is dirty.,A camisa está suja.,,,
full,cheio,adjective,The glass is full.,O copo está cheio.,,,
empty,vazio,adjective,The bottle is empty.,A garrafa está vazia.,,,
strong,forte,adjective,He is strong.,Ele é forte.,,,
weak,fraco,adjective,I feel weak.,Eu sinto-me fraco.,,,
rich,rico,adjective,He is rich.,Ele é rico.,,,
poor,pobre,adjective,They are poor.,Eles são pobres.,,,
right,certo,adjective,You are right.,Tu tens razão.,,,
wrong,errado,adjective,This is wrong.,Isto está errado.,,,
free,livre,adjective,I am free today.,Eu estou livre hoje.,,,
busy,ocupado,adjective,I am busy.,Eu estou ocupado.,,,
tired,cansado,adjective,I am tired.,Eu estou cansado.,,,
hungry,com fome,expression,I am hungry.,Eu estou com fome.,,,
thirsty,com sede,expression,I am thirsty.,Eu estou com sede.,,,
sick,doente,adjective,I am sick.,Eu estou doente.,,,
healthy,saudável,adjective,I am healthy.,Eu sou saudável.,,,
ready,pronto,adjective,I am ready.,Eu estou pronto.,,,
late,atrasado,adjective,I am late.,Eu estou atrasado.,,,
early,cedo,adverb,I wake up early.,Eu acordo cedo.,,,
now,agora,adverb,Do it now.,Faz agora.,,,
today,hoje,adverb,Today is Monday.,Hoje é segunda-feira.,,,
tomorrow,amanhã,adverb,See you tomorrow.,Até amanhã.,,,
yesterday,ontem,adverb,I saw you yesterday.,Eu vi-te ontem.,,,
always,sempre,adverb,I always study.,Eu estudo sempre.,,,
never,nunca,adverb,I never smoke.,Eu nunca fumo.,,,
sometimes,às vezes,adverb,Sometimes I read.,Às vezes eu leio.,,,
often,frequentemente,adverb,I often travel.,Eu viajo frequentemente.,,,
already,já,adverb,I already ate.,Eu já comi.,,,
still,ainda,adverb,I am still here.,Eu ainda estou aqui.,,,
also,também,adverb,I also speak English.,Eu também falo inglês.,,,
too,demais,adverb,This is too much.,Isto é demais.,,,
very,muito,adverb,I am very tired.,Eu estou muito cansado.,,,
more,mais,adverb,I want more.,Eu quero mais.,,,
less,menos,adverb,Eat less.,Come menos.,,,
well,bem,adverb,I am well.,Eu estou bem.,,,
badly,mal,adverb,I sleep badly.,Eu durmo mal.,,,
here,aqui,adverb,Come here.,Vem aqui.,,,
there,ali,adverb,It's over there.,Está ali.,,,
where,onde,other,Where are you?,Onde estás?,,,
when,quando,other,When do you arrive?,Quando chegas?,,,
why,porquê,other,Why not?,Porquê não?,,,
how,como,other,How are you?,Como estás?,,,
what,o que,other,What is this?,O que é isto?,,,
who,quem,other,Who are you?,Quem és tu?,,,
which,qual,other,Which one?,Qual?,,,
yes,sim,other,Yes please.,Sim por favor.,,,
no,não,other,No thanks.,Não obrigado.,,,
please,por favor,expression,Water please.,Água por favor.,,,
thank you,obrigado,expression,Thank you very much.,Muito obrigado.,,,
sorry,desculpa,expression,I'm sorry.,Desculpa.,,,
excuse me,com licença,expression,Excuse me.,Com licença.,,,
hello,olá,expression,Hello friend.,Olá amigo.,,,
goodbye,adeus,expression,Goodbye.,Adeus.,,,
good morning,bom dia,expression,Good morning.,Bom dia.,,,
good afternoon,boa tarde,expression,Good afternoon.,Boa tarde.,,,
good night,boa noite,expression,Good night.,Boa noite.,,,
how are you,como estás,expression,How are you?,Como estás?,,,
nice to meet you,prazer em conhecer,expression,Nice to meet you.,Prazer em conhecer-te.,,,
see you later,até logo,expression,See you later.,Até logo.,,,
bread,pão,noun,I eat bread.,Eu como pão.,,,
coffee,café,noun,I drink coffee.,Eu bebo café.,,,
tea,chá,noun,I like tea.,Eu gosto de chá.,,,
milk,leite,noun,I drink milk.,Eu bebo leite.,,,
juice,sumo,noun,Orange juice please.,Sumo de laranja por favor.,,,
wine,vinho,noun,Red wine.,Vinho tinto.,,,
beer,cerveja,noun,A cold beer.,Uma cerveja gelada.,,,
meat,carne,noun,I eat meat.,Eu como carne.,,,
fish,peixe,noun,Fresh fish.,Peixe fresco.,,,
chicken,frango,noun,Grilled chicken.,Frango grelhado.,,,
rice,arroz,noun,I like rice.,Eu gosto de arroz.,,,
pasta,massa,noun,I eat pasta.,Eu como massa.,,,
potato,batata,noun,Fried potatoes.,Batatas fritas.,,,
vegetable,legume,noun,I eat vegetables.,Eu como legumes.,,,
fruit,fruta,noun,Fresh fruit.,Fruta fresca.,,,
apple,maçã,noun,I eat an apple.,Eu como uma maçã.,,,
banana,banana,noun,Yellow banana.,Banana amarela.,,,
orange,laranja,noun,Sweet orange.,Laranja doce.,,,
tomato,tomate,noun,Red tomato.,Tomate vermelho.,,,
cheese,queijo,noun,I like cheese.,Eu gosto de queijo.,,,
egg,ovo,noun,Fried egg.,Ovo estrelado.,,,
salt,sal,noun,Pass the salt.,Passa o sal.,,,
sugar,açúcar,noun,I don't use sugar.,Eu não uso açúcar.,,,
oil,azeite,noun,Olive oil.,Azeite de oliva.,,,
butter,manteiga,noun,Bread with butter.,Pão com manteiga.,,,
soup,sopa,noun,Hot soup.,Sopa quente.,,,
salad,salada,noun,Green salad.,Salada verde.,,,
dessert,sobremesa,noun,Chocolate dessert.,Sobremesa de chocolate.,,,
cake,bolo,noun,Birthday cake.,Bolo de aniversário.,,,
ice cream,gelado,noun,I like ice cream.,Eu gosto de gelado.,,,
restaurant,restaurante,noun,The restaurant is good.,O restaurante é bom.,,,
cafe,cafetaria,noun,I go to the cafe.,Eu vou à cafetaria.,,,
market,mercado,noun,I go to the market.,Eu vou ao mercado.,,,
shop,loja,noun,The shop is closed.,A loja está fechada.,,,
bank,banco,noun,I go to the bank.,Eu vou ao banco.,,,
hospital,hospital,noun,The hospital is near.,O hospital é perto.,,,
pharmacy,farmácia,noun,I need a pharmacy.,Eu preciso de uma farmácia.,,,
post office,correio,noun,Where is the post office?,Onde fica o correio?,,,
airport,aeroporto,noun,The airport is far.,O aeroporto é longe.,,,
station,estação,noun,Train station.,Estação de comboios.,,,
bus,autocarro,noun,I take the bus.,Eu apanho o autocarro.,,,
train,comboio,noun,The train is late.,O comboio está atrasado.,,,
taxi,táxi,noun,I call a taxi.,Eu chamo um táxi.,,,
bicycle,bicicleta,noun,I ride a bicycle.,Eu ando de bicicleta.,,,
hotel,hotel,noun,The hotel is expensive.,O hotel é caro.,,,
beach,praia,noun,I go to the beach.,Eu vou à praia.,,,
park,parque,noun,I walk in the park.,Eu passeio no parque.,,,
museum,museu,noun,The museum is interesting.,O museu é interessante.,,,
church,igreja,noun,Old church.,Igreja antiga.,,,
square,praça,noun,The main square.,A praça principal.,,,
bridge,ponte,noun,The bridge is beautiful.,A ponte é bonita.,,,
river,rio,noun,The river is clean.,O rio é limpo.,,,
sea,mar,noun,The sea is beautiful.,O mar é bonito.,,,
mountain,montanha,noun,High mountain.,Montanha alta.,,,
forest,floresta,noun,Green forest.,Floresta verde.,,,
garden,jardim,noun,Beautiful garden.,Jardim bonito.,,,
tree,árvore,noun,Big tree.,Árvore grande.,,,
flower,flor,noun,Pretty flowers.,Flores bonitas.,,,
sun,sol,noun,The sun shines.,O sol brilha.,,,
moon,lua,noun,Full moon.,Lua cheia.,,,
star,estrela,noun,Bright stars.,Estrelas brilhantes.,,,
sky,céu,noun,Blue sky.,Céu azul.,,,
cloud,nuvem,noun,White clouds.,Nuvens brancas.,,,
rain,chuva,noun,Heavy rain.,Chuva forte.,,,
wind,vento,noun,Strong wind.,Vento forte.,,,
snow,neve,noun,White snow.,Neve branca.,,,
weather,tempo,noun,Good weather.,Bom tempo.,,,
temperature,temperatura,noun,High temperature.,Temperatura alta.,,,
clothes,roupa,noun,Clean clothes.,Roupa limpa.,,,
shirt,camisa,noun,White shirt.,Camisa branca.,,,
t-shirt,t-shirt,noun,Blue t-shirt.,T-shirt azul.,,,
pants,calças,noun,Black pants.,Calças pretas.,,,
dress,vestido,noun,Pretty dress.,Vestido bonito.,,,
skirt,saia,noun,Short skirt.,Saia curta.,,,
jacket,casaco,noun,Warm jacket.,Casaco quente.,,,
coat,sobretudo,noun,Winter coat.,Sobretudo de inverno.,,,
shoes,sapatos,noun,Comfortable shoes.,Sapatos confortáveis.,,,
boots,botas,noun,Leather boots.,Botas de couro.,,,
socks,meias,noun,Warm socks.,Meias quentes.,,,
hat,chapéu,noun,Sun hat.,Chapéu de sol.,,,
glasses,óculos,noun,I wear glasses.,Eu uso óculos.,,,
watch,relógio,noun,My watch.,O meu relógio.,,,
phone,telefone,noun,Mobile phone.,Telefone móvel.,,,
computer,computador,noun,New computer.,Computador novo.,,,
internet,internet,noun,Fast internet.,Internet rápida.,,,
email,email,noun,Send an email.,Envia um email.,,,
television,televisão,noun,I watch television.,Eu vejo televisão.,,,
radio,rádio,noun,I listen to the radio.,Eu ouço rádio.,,,
newspaper,jornal,noun,Daily newspaper.,Jornal diário.,,,
magazine,revista,noun,Fashion magazine.,Revista de moda.,,,
letter,carta,noun,I write a letter.,Eu escrevo uma carta.,,,
package,encomenda,noun,I receive a package.,Eu recebo uma encomenda.,,,
pen,caneta,noun,Blue pen.,Caneta azul.,,,
pencil,lápis,noun,Sharp pencil.,Lápis afiado.,,,
paper,papel,noun,White paper.,Papel branco.,,,
notebook,caderno,noun,School notebook.,Caderno escolar.,,,
bag,saco,noun,Shopping bag.,Saco de compras.,,,
purse,carteira,noun,I lost my purse.,Eu perdi a minha carteira.,,,
key,chave,noun,House key.,Chave de casa.,,,
wallet,carteira,noun,My wallet.,A minha carteira.,,,
umbrella,guarda-chuva,noun,I need an umbrella.,Eu preciso de um guarda-chuva.,,,
photo,fotografia,noun,Family photo.,Fotografia de família.,,,
picture,imagem,noun,Beautiful picture.,Imagem bonita.,,,
painting,quadro,noun,Famous painting.,Quadro famoso.,,,
color,cor,noun,Favorite color.,Cor favorita.,,,
white,branco,adjective,White color.,Cor branca.,,,
black,preto,adjective,Black color.,Cor preta.,,,
red,vermelho,adjective,Red color.,Cor vermelha.,,,
blue,azul,adjective,Blue color.,Cor azul.,,,
green,verde,adjective,Green color.,Cor verde.,,,
yellow,amarelo,adjective,Yellow color.,Cor amarela.,,,
orange,laranja,adjective,Orange color.,Cor laranja.,,,
purple,roxo,adjective,Purple color.,Cor roxa.,,,
pink,rosa,adjective,Pink color.,Cor rosa.,,,
brown,castanho,adjective,Brown color.,Cor castanha.,,,
gray,cinzento,adjective,Gray color.,Cor cinzenta.,,,
bed,cama,noun,Comfortable bed.,Cama confortável.,,,
chair,cadeira,noun,Wooden chair.,Cadeira de madeira.,,,
sofa,sofá,noun,Comfortable sofa.,Sofá confortável.,,,
lamp,candeeiro,noun,Table lamp.,Candeeiro de mesa.,,,
mirror,espelho,noun,Large mirror.,Espelho grande.,,,
clock,relógio,noun,Wall clock.,Relógio de parede.,,,
picture frame,moldura,noun,Photo frame.,Moldura de fotografia.,,,
curtain,cortina,noun,White curtains.,Cortinas brancas.,,,
carpet,tapete,noun,Soft carpet.,Tapete macio.,,,
kitchen,cozinha,noun,Clean kitchen.,Cozinha limpa.,,,
bathroom,casa de banho,noun,Small bathroom.,Casa de banho pequena.,,,
bedroom,quarto,noun,My bedroom.,O meu quarto.,,,
living room,sala de estar,noun,Large living room.,Sala de estar grande.,,,
dining room,sala de jantar,noun,Dining room table.,Mesa de sala de jantar.,,,
garden,jardim,noun,Beautiful garden.,Jardim bonito.,,,
garage,garagem,noun,The garage is full.,A garagem está cheia.,,,
roof,telhado,noun,Red roof.,Telhado vermelho.,,,
wall,parede,noun,White wall.,Parede branca.,,,
floor,chão,noun,Clean floor.,Chão limpo.,,,
ceiling,teto,noun,High ceiling.,Teto alto.,,,
stairs,escadas,noun,Steep stairs.,Escadas íngremes.,,,
elevator,elevador,noun,The elevator is broken.,O elevador está avariado.,,,
plate,prato,noun,Clean plates.,Pratos limpos.,,,
glass,copo,noun,Glass of water.,Copo de água.,,,
cup,chávena,noun,Cup of coffee.,Chávena de café.,,,
bowl,tigela,noun,Soup bowl.,Tigela de sopa.,,,
fork,garfo,noun,Clean fork.,Garfo limpo.,,,
knife,faca,noun,Sharp knife.,Faca afiada.,,,
spoon,colher,noun,Tea spoon.,Colher de chá.,,,
bottle,garrafa,noun,Water bottle.,Garrafa de água.,,,
can,lata,noun,Soda can.,Lata de refrigerante.,,,
box,caixa,noun,Cardboard box.,Caixa de cartão.,,,
jar,frasco,noun,Glass jar.,Frasco de vidro.,,,
refrigerator,frigorífico,noun,Full refrigerator.,Frigorífico cheio.,,,
stove,fogão,noun,Gas stove.,Fogão a gás.,,,
oven,forno,noun,Hot oven.,Forno quente.,,,
microwave,micro-ondas,noun,I use the microwave.,Eu uso o micro-ondas.,,,
washing machine,máquina de lavar,noun,New washing machine.,Máquina de lavar nova.,,,
body,corpo,noun,Human body.,Corpo humano.,,,
head,cabeça,noun,My head hurts.,A minha cabeça dói.,,,
face,cara,noun,Friendly face.,Cara simpática.,,,
hair,cabelo,noun,Long hair.,Cabelo comprido.,,,
eye,olho,noun,Blue eyes.,Olhos azuis.,,,
ear,orelha,noun,Big ears.,Orelhas grandes.,,,
nose,nariz,noun,Small nose.,Nariz pequeno.,,,
mouth,boca,noun,Open your mouth.,Abre a boca.,,,
tooth,dente,noun,White teeth.,Dentes brancos.,,,
tongue,língua,noun,Red tongue.,Língua vermelha.,,,
neck,pescoço,noun,Sore neck.,Pescoço dorido.,,,
shoulder,ombro,noun,Broad shoulders.,Ombros largos.,,,
arm,braço,noun,Strong arms.,Braços fortes.,,,
elbow,cotovelo,noun,Bent elbow.,Cotovelo dobrado.,,,
hand,mão,noun,Clean hands.,Mãos limpas.,,,
finger,dedo,noun,Ten fingers.,Dez dedos.,,,
back,costas,noun,My back hurts.,As minhas costas doem.,,,
chest,peito,noun,Broad chest.,Peito largo.,,,
stomach,estômago,noun,Full stomach.,Estômago cheio.,,,
leg,perna,noun,Long legs.,Pernas compridas.,,,
knee,joelho,noun,Bent knee.,Joelho dobrado.,,,
foot,pé,noun,Big feet.,Pés grandes.,,,
toe,dedo do pé,noun,Ten toes.,Dez dedos do pé.,,,
skin,pele,noun,Soft skin.,Pele macia.,,,
blood,sangue,noun,Red blood.,Sangue vermelho.,,,
heart,coração,noun,Strong heart.,Coração forte.,,,
brain,cérebro,noun,Human brain.,Cérebro humano.,,,
doctor,médico,noun,The doctor is good.,O médico é bom.,,,
nurse,enfermeiro,noun,Kind nurse.,Enfermeiro simpático.,,,
dentist,dentista,noun,I go to the dentist.,Eu vou ao dentista.,,,
medicine,medicamento,noun,Take this medicine.,Toma este medicamento.,,,
pill,comprimido,noun,Take the pill.,Toma o comprimido.,,,
pain,dor,noun,I have pain.,Eu tenho dores.,,,
headache,dor de cabeça,noun,I have a headache.,Eu tenho dor de cabeça.,,,
fever,febre,noun,I have a fever.,Eu tenho febre.,,,
cold,constipação,noun,I have a cold.,Eu estou constipado.,,,
cough,tosse,noun,Bad cough.,Tosse forte.,,,
one,um,other,One person.,Uma pessoa.,,,
two,dois,other,Two people.,Duas pessoas.,,,
three,três,other,Three days.,Três dias.,,,
four,quatro,other,Four weeks.,Quatro semanas.,,,
five,cinco,other,Five months.,Cinco meses.,,,
six,seis,other,Six years.,Seis anos.,,,
seven,sete,other,Seven hours.,Sete horas.,,,
eight,oito,other,Eight minutes.,Oito minutos.,,,
nine,nove,other,Nine o'clock.,Nove horas.,,,
ten,dez,other,Ten euros.,Dez euros.,,,
eleven,onze,other,Eleven students.,Onze alunos.,,,
twelve,doze,other,Twelve months.,Doze meses.,,,
thirteen,treze,other,Thirteen years old.,Treze anos.,,,
fourteen,catorze,other,Fourteen days.,Catorze dias.,,,
fifteen,quinze,other,Fifteen minutes.,Quinze minutos.,,,
sixteen,dezasseis,other,Sixteen hours.,Dezasseis horas.,,,
seventeen,dezassete,other,Seventeen people.,Dezassete pessoas.,,,
eighteen,dezoito,other,Eighteen years.,Dezoito anos.,,,
nineteen,dezanove,other,Nineteen students.,Dezanove alunos.,,,
twenty,vinte,other,Twenty euros.,Vinte euros.,,,
thirty,trinta,other,Thirty minutes.,Trinta minutos.,,,
forty,quarenta,other,Forty years.,Quarenta anos.,,,
fifty,cinquenta,other,Fifty people.,Cinquenta pessoas.,,,
sixty,sessenta,other,Sixty euros.,Sessenta euros.,,,
seventy,setenta,other,Seventy years old.,Setenta anos.,,,
eighty,oitenta,other,Eighty kilometers.,Oitenta quilómetros.,,,
ninety,noventa,other,Ninety days.,Noventa dias.,,,
hundred,cem,other,One hundred euros.,Cem euros.,,,
thousand,mil,other,One thousand people.,Mil pessoas.,,,
million,milhão,other,One million.,Um milhão.,,,
first,primeiro,adjective,First place.,Primeiro lugar.,,,
second,segundo,adjective,Second floor.,Segundo andar.,,,
third,terceiro,adjective,Third time.,Terceira vez.,,,
last,último,adjective,Last day.,Último dia.,,,
next,próximo,adjective,Next week.,Próxima semana.,,,
Monday,segunda-feira,noun,Today is Monday.,Hoje é segunda-feira.,,,
Tuesday,terça-feira,noun,See you Tuesday.,Até terça-feira.,,,
Wednesday,quarta-feira,noun,Wednesday morning.,Quarta-feira de manhã.,,,
Thursday,quinta-feira,noun,Thursday evening.,Quinta-feira à noite.,,,
Friday,sexta-feira,noun,Friday afternoon.,Sexta-feira à tarde.,,,
Saturday,sábado,noun,Saturday night.,Sábado à noite.,,,
Sunday,domingo,noun,Sunday morning.,Domingo de manhã.,,,
January,janeiro,noun,In January.,Em janeiro.,,,
February,fevereiro,noun,In February.,Em fevereiro.,,,
March,março,noun,In March.,Em março.,,,
April,abril,noun,In April.,Em abril.,,,
May,maio,noun,In May.,Em maio.,,,
June,junho,noun,In June.,Em junho.,,,
July,julho,noun,In July.,Em julho.,,,
August,agosto,noun,In August.,Em agosto.,,,
September,setembro,noun,In September.,Em setembro.,,,
October,outubro,noun,In October.,Em outubro.,,,
November,novembro,noun,In November.,Em novembro.,,,
December,dezembro,noun,In December.,Em dezembro.,,,
spring,primavera,noun,In spring.,Na primavera.,,,
summer,verão,noun,In summer.,No verão.,,,
autumn,outono,noun,In autumn.,No outono.,,,
winter,inverno,noun,In winter.,No inverno.,,,
birthday,aniversário,noun,Happy birthday.,Parabéns.,,,
holiday,feriado,noun,Public holiday.,Feriado público.,,,
vacation,férias,noun,Summer vacation.,Férias de verão.,,,
party,festa,noun,Birthday party.,Festa de aniversário.,,,
gift,presente,noun,I give a gift.,Eu dou um presente.,,,
dog,cão,noun,I have a dog.,Eu tenho um cão.,,,
cat,gato,noun,The cat sleeps.,O gato dorme.,,,
bird,pássaro,noun,The bird sings.,O pássaro canta.,,,
horse,cavalo,noun,The horse runs.,O cavalo corre.,,,
cow,vaca,noun,The cow is big.,A vaca é grande.,,,
pig,porco,noun,The pig is dirty.,O porco está sujo.,,,
sheep,ovelha,noun,White sheep.,Ovelha branca.,,,
chicken,galinha,noun,The chicken lays eggs.,A galinha põe ovos.,,,
rabbit,coelho,noun,Small rabbit.,Coelho pequeno.,,,
mouse,rato,noun,Small mouse.,Rato pequeno.,,,
elephant,elefante,noun,Big elephant.,Elefante grande.,,,
lion,leão,noun,The lion roars.,O leão ruge.,,,
tiger,tigre,noun,Dangerous tiger.,Tigre perigoso.,,,
bear,urso,noun,Brown bear.,Urso castanho.,,,
monkey,macaco,noun,The monkey jumps.,O macaco salta.,,,
snake,cobra,noun,Poisonous snake.,Cobra venenosa.,,,
fish,peixe,noun,The fish swims.,O peixe nada.,,,
insect,inseto,noun,Small insect.,Inseto pequeno.,,,
bee,abelha,noun,The bee makes honey.,A abelha faz mel.,,,
butterfly,borboleta,noun,Beautiful butterfly.,Borboleta bonita.,,,
spider,aranha,noun,Big spider.,Aranha grande.,,,
ant,formiga,noun,Small ants.,Formigas pequenas.,,,
lawyer,advogado,noun,The lawyer is busy.,O advogado está ocupado.,,,
engineer,engenheiro,noun,Civil engineer.,Engenheiro civil.,,,
architect,arquiteto,noun,Famous architect.,Arquiteto famoso.,,,
pilot,piloto,noun,Airplane pilot.,Piloto de avião.,,,
driver,motorista,noun,Bus driver.,Motorista de autocarro.,,,
waiter,empregado de mesa,noun,The waiter is polite.,O empregado de mesa é educado.,,,
cook,cozinheiro,noun,Good cook.,Bom cozinheiro.,,,
baker,padeiro,noun,The baker makes bread.,O padeiro faz pão.,,,
butcher,talhante,noun,The butcher sells meat.,O talhante vende carne.,,,
farmer,agricultor,noun,The farmer works hard.,O agricultor trabalha muito.,,,
fisherman,pescador,noun,The fisherman catches fish.,O pescador apanha peixe.,,,
mechanic,mecânico,noun,Car mechanic.,Mecânico de carros.,,,
electrician,eletricista,noun,Good electrician.,Bom eletricista.,,,
plumber,canalizador,noun,I call the plumber.,Eu chamo o canalizador.,,,
carpenter,carpinteiro,noun,Skilled carpenter.,Carpinteiro habilidoso.,,,
painter,pintor,noun,House painter.,Pintor de casas.,,,
artist,artista,noun,Famous artist.,Artista famoso.,,,
musician,músico,noun,Talented musician.,Músico talentoso.,,,
singer,cantor,noun,The singer performs.,O cantor atua.,,,
actor,ator,noun,Famous actor.,Ator famoso.,,,
writer,escritor,noun,The writer publishes books.,O escritor publica livros.,,,
poet,poeta,noun,Romantic poet.,Poeta romântico.,,,
photographer,fotógrafo,noun,Professional photographer.,Fotógrafo profissional.,,,
journalist,jornalista,noun,The journalist writes.,O jornalista escreve.,,,
police officer,polícia,noun,The police officer patrols.,O polícia patrulha.,,,
firefighter,bombeiro,noun,Brave firefighter.,Bombeiro corajoso.,,,
soldier,soldado,noun,The soldier marches.,O soldado marcha.,,,
judge,juiz,noun,The judge decides.,O juiz decide.,,,
accountant,contabilista,noun,The accountant counts.,O contabilista conta.,,,
secretary,secretário,noun,The secretary types.,O secretário escreve.,,,
manager,gerente,noun,Store manager.,Gerente de loja.,,,
director,diretor,noun,Company director.,Diretor de empresa.,,,
president,presidente,noun,The president speaks.,O presidente fala.,,,
minister,ministro,noun,Government minister.,Ministro do governo.,,,
mayor,presidente da câmara,noun,City mayor.,Presidente da câmara municipal.,,,
professor,professor,noun,University professor.,Professor universitário.,,,
scientist,cientista,noun,The scientist researches.,O cientista investiga.,,,
researcher,investigador,noun,Medical researcher.,Investigador médico.,,,
librarian,bibliotecário,noun,The librarian helps.,O bibliotecário ajuda.,,,
postman,carteiro,noun,The postman delivers.,O carteiro entrega.,,,
cleaner,empregado de limpeza,noun,The cleaner works.,O empregado de limpeza trabalha.,,,
to sleep,dormir,verb-irregular,I sleep well.,Eu durmo bem.,durmo|dormes|dorme|dormimos|dormis|dormem,dormi|dormiste|dormiu|dormimos|dormistes|dormiram,dormia|dormias|dormia|dormíamos|dormíeis|dormiam,dormirei|dormirás|dormirá|dormiremos|dormireis|dormirão
to wake up,acordar,verb-regular,I wake up early.,Eu acordo cedo.,acordo|acordas|acorda|acordamos|acordais|acordam,acordei|acordaste|acordou|acordamos|acordastes|acordaram,acordava|acordavas|acordava|acordávamos|acordáveis|acordavam,acordarei|acordarás|acordará|acordaremos|acordareis|acordarão
to get up,levantar-se,verb-regular,I get up at seven.,Eu levanto-me às sete.,levanto|levantas|levanta|levantamos|levantais|levantam,levantei|levantaste|levantou|levantamos|levantastes|levantaram,levantava|levantavas|levantava|levantávamos|levantáveis|levantavam,levantarei|levantarás|levantará|levantaremos|levantareis|levantarão
to wash,lavar,verb-regular,I wash my hands.,Eu lavo as mãos.,lavo|lavas|lava|lavamos|lavais|lavam,lavei|lavaste|lavou|lavamos|lavastes|lavaram,lavava|lavavas|lavava|lavávamos|laváveis|lavavam,lavarei|lavarás|lavará|lavaremos|lavareis|lavarão
to shower,tomar banho,verb-regular,I take a shower.,Eu tomo banho.,tomo|tomas|toma|tomamos|tomais|tomam,tomei|tomaste|tomou|tomamos|tomastes|tomaram,tomava|tomavas|tomava|tomávamos|tomáveis|tomavam,tomarei|tomarás|tomará|tomaremos|tomareis|tomarão
to brush,escovar,verb-regular,I brush my teeth.,Eu escovo os dentes.,escovo|escovas|escova|escovamos|escovais|escovam,escovei|escovaste|escovou|escovamos|escovastes|escovaram,escovava|escovavas|escovava|escovávamos|escováveis|escovavam,escovarei|escovarás|escovará|escovaremos|escovareis|escovarão
to dress,vestir,verb-irregular,I get dressed.,Eu visto-me.,visto|vestes|veste|vestimos|vestis|vestem,vesti|vestiste|vestiu|vestimos|vestistes|vestiram,vestia|vestias|vestia|vestíamos|vestíeis|vestiam,vestirei|vestirás|vestirá|vestiremos|vestireis|vestirão
to put on,pôr,verb-irregular,I put on my shoes.,Eu ponho os sapatos.,ponho|pões|põe|pomos|pondes|põem,pus|puseste|pôs|pusemos|pusestes|puseram,punha|punhas|punha|púnhamos|púnheis|punham,porei|porás|porá|poremos|poreis|porão
to take off,tirar,verb-regular,I take off my jacket.,Eu tiro o casaco.,tiro|tiras|tira|tiramos|tirais|tiram,tirei|tiraste|tirou|tiramos|tirastes|tiraram,tirava|tiravas|tirava|tirávamos|tiráveis|tiravam,tirarei|tirarás|tirará|tiraremos|tirareis|tirarão
to prepare,preparar,verb-regular,I prepare dinner.,Eu preparo o jantar.,preparo|preparas|prepara|preparamos|preparais|preparam,preparei|preparaste|preparou|preparamos|preparastes|prepararam,preparava|preparavas|preparava|preparávamos|preparáveis|preparavam,prepararei|prepararás|preparará|prepararemos|preparareis|prepararão
to cook,cozinhar,verb-regular,I cook well.,Eu cozinho bem.,cozinho|cozinhas|cozinha|cozinhamos|cozinhais|cozinham,cozinhei|cozinhaste|cozinhou|cozinhamos|cozinhastes|cozinharam,cozinhava|cozinhavas|cozinhava|cozinhávamos|cozinháveis|cozinhavam,cozinharei|cozinharás|cozinhará|cozinharemos|cozinhareis|cozinharão
to bake,assar,verb-regular,I bake bread.,Eu asso pão.,asso|assas|assa|assamos|assais|assam,assei|assaste|assou|assamos|assastes|assaram,assava|assavas|assava|assávamos|assáveis|assavam,assarei|assarás|assará|assaremos|assareis|assarão
to fry,fritar,verb-regular,I fry eggs.,Eu frito ovos.,frito|fritas|frita|fritamos|fritais|fritam,fritei|fritaste|fritou|fritamos|fritastes|fritaram,fritava|fritavas|fritava|fritávamos|fritáveis|fritavam,fritarei|fritarás|fritará|fritaremos|fritareis|fritarão
to boil,ferver,verb-regular,I boil water.,Eu fervo água.,fervo|ferves|ferve|fervemos|ferveis|fervem,fervi|ferveste|ferveu|fervemos|fervestes|ferveram,fervia|fervias|fervia|fervíamos|fervíeis|ferviam,ferverei|ferverás|ferverá|ferveremos|fervereis|ferverão
to cut,cortar,verb-regular,I cut the bread.,Eu corto o pão.,corto|cortas|corta|cortamos|cortais|cortam,cortei|cortaste|cortou|cortamos|cortastes|cortaram,cortava|cortavas|cortava|cortávamos|cortáveis|cortavam,cortarei|cortarás|cortará|cortaremos|cortareis|cortarão
to clean,limpar,verb-regular,I clean the house.,Eu limpo a casa.,limpo|limpas|limpa|limpamos|limpais|limpam,limpei|limpaste|limpou|limpamos|limpastes|limparam,limpava|limpavas|limpava|limpávamos|limpáveis|limpavam,limparei|limparás|limpará|limparemos|limpareis|limparão
to sweep,varrer,verb-regular,I sweep the floor.,Eu varro o chão.,varro|varres|varre|varremos|varreis|varrem,varri|varreste|varreu|varremos|varrestes|varreram,varria|varrias|varria|varríamos|varríeis|varriam,varrerei|varrerás|varrerá|varreremos|varrereis|varrerão
to wash dishes,lavar a loiça,verb-regular,I wash dishes.,Eu lavo a loiça.,lavo|lavas|lava|lavamos|lavais|lavam,lavei|lavaste|lavou|lavamos|lavastes|lavaram,lavava|lavavas|lavava|lavávamos|laváveis|lavavam,lavarei|lavarás|lavará|lavaremos|lavareis|lavarão
to iron,passar a ferro,verb-regular,I iron shirts.,Eu passo camisas a ferro.,passo|passas|passa|passamos|passais|passam,passei|passaste|passou|passamos|passastes|passaram,passava|passavas|passava|passávamos|passáveis|passavam,passarei|passarás|passará|passaremos|passareis|passarão
to repair,reparar,verb-regular,I repair the car.,Eu reparo o carro.,reparo|reparas|repara|reparamos|reparais|reparam,reparei|reparaste|reparou|reparamos|reparastes|repararam,reparava|reparavas|reparava|reparávamos|reparáveis|reparavam,repararei|repararás|reparará|repararemos|reparareis|repararão
to fix,consertar,verb-regular,I fix the problem.,Eu conserto o problema.,conserto|consertas|conserta|consertamos|consertais|consertam,consertei|consertaste|consertou|consertamos|consertastes|consertaram,consertava|consertavas|consertava|consertávamos|consertáveis|consertavam,consertarei|consertarás|consertará|consertaremos|consertareis|consertarão
to break,partir,verb-irregular,I break the glass.,Eu parto o copo.,parto|partes|parte|partimos|partis|partem,parti|partiste|partiu|partimos|partistes|partiram,partia|partias|partia|partíamos|partíeis|partiam,partirei|partirás|partirá|partiremos|partireis|partirão
to build,construir,verb-irregular,I build a house.,Eu construo uma casa.,construo|constróis|constrói|construímos|construís|constroem,construí|construíste|construiu|construímos|construístes|construíram,construía|construías|construía|construíamos|construíeis|construíam,construirei|construirás|construirá|construiremos|construireis|construirão
to destroy,destruir,verb-irregular,Fire destroys.,O fogo destrói.,destruo|destróis|destrói|destruímos|destruís|destroem,destruí|destruíste|destruiu|destruímos|destruístes|destruíram,destruía|destruías|destruía|destruíamos|destruíeis|destruíam,destruirei|destruirás|destruirá|destruiremos|destruireis|destruirão
to paint,pintar,verb-regular,I paint the wall.,Eu pinto a parede.,pinto|pintas|pinta|pintamos|pintais|pintam,pintei|pintaste|pintou|pintamos|pintastes|pintaram,pintava|pintavas|pintava|pintávamos|pintáveis|pintavam,pintarei|pintarás|pintará|pintaremos|pintareis|pintarão
to draw,desenhar,verb-regular,I draw a picture.,Eu desenho uma imagem.,desenho|desenhas|desenha|desenhamos|desenhais|desenham,desenhei|desenhaste|desenhou|desenhamos|desenhastes|desenharam,desenhava|desenhavas|desenhava|desenhávamos|desenháveis|desenhavam,desenharei|desenharás|desenhará|desenharemos|desenhareis|desenharão
to sing,cantar,verb-regular,I sing well.,Eu canto bem.,canto|cantas|canta|cantamos|cantais|cantam,cantei|cantaste|cantou|cantamos|cantastes|cantaram,cantava|cantavas|cantava|cantávamos|cantáveis|cantavam,cantarei|cantarás|cantará|cantaremos|cantareis|cantarão
to dance,dançar,verb-regular,I dance fado.,Eu danço fado.,danço|danças|dança|dançamos|dançais|dançam,dancei|dançaste|dançou|dançamos|dançastes|dançaram,dançava|dançavas|dançava|dançávamos|dançáveis|dançavam,dançarei|dançarás|dançará|dançaremos|dançareis|dançarão
to play instrument,tocar,verb-regular,I play guitar.,Eu toco guitarra.,toco|tocas|toca|tocamos|tocais|tocam,toquei|tocaste|tocou|tocamos|tocastes|tocaram,tocava|tocavas|tocava|tocávamos|tocáveis|tocavam,tocarei|tocarás|tocará|tocaremos|tocareis|tocarão
to swim,nadar,verb-regular,I swim every day.,Eu nado todos os dias.,nado|nadas|nada|nadamos|nadais|nadam,nadei|nadaste|nadou|nadamos|nadastes|nadaram,nadava|nadavas|nadava|nadávamos|nadáveis|nadavam,nadarei|nadarás|nadará|nadaremos|nadareis|nadarão
to drive,conduzir,verb-irregular,I drive carefully.,Eu conduzo com cuidado.,conduzo|conduzes|conduz|conduzimos|conduzis|conduzem,conduzi|conduziste|conduziu|conduzimos|conduzistes|conduziram,conduzia|conduzias|conduzia|conduzíamos|conduzíeis|conduziam,conduzirei|conduzirás|conduzirá|conduziremos|conduzireis|conduzirão
to ride,andar de,verb-regular,I ride a bicycle.,Eu ando de bicicleta.,ando|andas|anda|andamos|andais|andam,andei|andaste|andou|andamos|andastes|andaram,andava|andavas|andava|andávamos|andáveis|andavam,andarei|andarás|andará|andaremos|andareis|andarão
to fly,voar,verb-regular,Birds fly.,Os pássaros voam.,voo|voas|voa|voamos|voais|voam,voei|voaste|voou|voamos|voastes|voaram,voava|voavas|voava|voávamos|voáveis|voavam,voarei|voarás|voará|voaremos|voareis|voarão
to jump,saltar,verb-regular,I jump high.,Eu salto alto.,salto|saltas|salta|saltamos|saltais|saltam,saltei|saltaste|saltou|saltamos|saltastes|saltaram,saltava|saltavas|saltava|saltávamos|saltáveis|saltavam,saltarei|saltarás|saltará|saltaremos|saltareis|saltarão
to climb,subir,verb-irregular,I climb stairs.,Eu subo escadas.,subo|sobes|sobe|subimos|subis|sobem,subi|subiste|subiu|subimos|subistes|subiram,subia|subias|subia|subíamos|subíeis|subiam,subirei|subirás|subirá|subiremos|subireis|subirão
to descend,descer,verb-regular,I go down.,Eu desço.,desço|desces|desce|descemos|desceis|descem,desci|desceste|desceu|descemos|descestes|desceram,descia|descias|descia|descíamos|descíeis|desciam,descerei|descerás|descerá|desceremos|descereis|descerão
to sit,sentar-se,verb-regular,I sit down.,Eu sento-me.,sento|sentas|senta|sentamos|sentais|sentam,sentei|sentaste|sentou|sentamos|sentastes|sentaram,sentava|sentavas|sentava|sentávamos|sentáveis|sentavam,sentarei|sentarás|sentará|sentaremos|sentareis|sentarão
to stand,estar de pé,verb-irregular,I stand up.,Eu estou de pé.,estou|estás|está|estamos|estais|estão,estive|estiveste|esteve|estivemos|estivestes|estiveram,estava|estavas|estava|estávamos|estáveis|estavam,estarei|estarás|estará|estaremos|estareis|estarão
to lie down,deitar-se,verb-regular,I lie down.,Eu deito-me.,deito|deitas|deita|deitamos|deitais|deitam,deitei|deitaste|deitou|deitamos|deitastes|deitaram,deitava|deitavas|deitava|deitávamos|deitáveis|deitavam,deitarei|deitarás|deitará|deitaremos|deitareis|deitarão
to turn,virar,verb-regular,I turn left.,Eu viro à esquerda.,viro|viras|vira|viramos|virais|viram,virei|viraste|virou|viramos|virastes|viraram,virava|viravas|virava|virávamos|viráveis|viravam,virarei|virarás|virará|viraremos|virareis|virarão
to push,empurrar,verb-regular,I push the door.,Eu empurro a porta.,empurro|empurras|empurra|empurramos|empurrais|empurram,empurrei|empurraste|empurrou|empurramos|empurrastes|empurraram,empurrava|empurravas|empurrava|empurrávamos|empurráveis|empurravam,empurrarei|empurrarás|empurrará|empurraremos|empurrareis|empurrarão
to pull,puxar,verb-regular,I pull the door.,Eu puxo a porta.,puxo|puxas|puxa|puxamos|puxais|puxam,puxei|puxaste|puxou|puxamos|puxastes|puxaram,puxava|puxavas|puxava|puxávamos|puxáveis|puxavam,puxarei|puxarás|puxará|puxaremos|puxareis|puxarão
to throw,atirar,verb-regular,I throw the ball.,Eu atiro a bola.,atiro|atiras|atira|atiramos|atirais|atiram,atirei|atiraste|atirou|atiramos|atirastes|atiraram,atirava|atiravas|atirava|atirávamos|atiráveis|atiravam,atirarei|atirarás|atirará|atiraremos|atirareis|atirarão
to catch,apanhar,verb-regular,I catch the ball.,Eu apanho a bola.,apanho|apanhas|apanha|apanhamos|apanhais|apanham,apanhei|apanhaste|apanhou|apanhamos|apanhastes|apanharam,apanhava|apanhavas|apanhava|apanhávamos|apanháveis|apanhavam,apanharei|apanharás|apanhará|apanharemos|apanhareis|apanharão
to carry,carregar,verb-regular,I carry a bag.,Eu carrego um saco.,carrego|carregas|carrega|carregamos|carregais|carregam,carreguei|carregaste|carregou|carregamos|carregastes|carregaram,carregava|carregavas|carregava|carregávamos|carregáveis|carregavam,carregarei|carregarás|carregará|carregaremos|carregareis|carregarão
to hold,segurar,verb-regular,I hold the baby.,Eu seguro o bebé.,seguro|seguras|segura|seguramos|segurais|seguram,segurei|seguraste|segurou|seguramos|segurastes|seguraram,segurava|seguravas|segurava|segurávamos|seguráveis|seguravam,segurarei|segurarás|segurará|seguraremos|segurareis|segurarão
to touch,tocar,verb-regular,Don't touch.,Não toques.,toco|tocas|toca|tocamos|tocais|tocam,toquei|tocaste|tocou|tocamos|tocastes|tocaram,tocava|tocavas|tocava|tocávamos|tocáveis|tocavam,tocarei|tocarás|tocará|tocaremos|tocareis|tocarão
to hit,bater,verb-regular,I hit the ball.,Eu bato na bola.,bato|bates|bate|batemos|bateis|batem,bati|bateste|bateu|batemos|batestes|bateram,batia|batias|batia|batíamos|batíeis|batiam,baterei|baterás|baterá|bateremos|batereis|baterão
to kick,dar um pontapé,verb-irregular,I kick the ball.,Eu dou um pontapé na bola.,dou|dás|dá|damos|dais|dão,dei|deste|deu|demos|destes|deram,dava|davas|dava|dávamos|dáveis|davam,darei|darás|dará|daremos|dareis|darão
to smile,sorrir,verb-irregular,I smile.,Eu sorrio.,sorrio|sorris|sorri|sorrimos|sorris|sorriem,sorri|sorriste|sorriu|sorrimos|sorristes|sorriram,sorria|sorrias|sorria|sorríamos|sorríeis|sorriam,sorrirei|sorrirás|sorrirá|sorriremos|sorrireis|sorrirão
to laugh,rir,verb-irregular,I laugh a lot.,Eu rio muito.,rio|ris|ri|rimos|rides|riem,ri|riste|riu|rimos|ristes|riram,ria|rias|ria|ríamos|ríeis|riam,rirei|rirás|rirá|riremos|ririeis|rirão
to cry,chorar,verb-regular,The baby cries.,O bebé chora.,choro|choras|chora|choramos|chorais|choram,chorei|choraste|chorou|choramos|chorastes|choraram,chorava|choravas|chorava|chorávamos|choráveis|choravam,chorarei|chorarás|chorará|choraremos|chorareis|chorarão
to scream,gritar,verb-regular,I scream loudly.,Eu grito alto.,grito|gritas|grita|gritamos|gritais|gritam,gritei|gritaste|gritou|gritamos|gritastes|gritaram,gritava|gritavas|gritava|gritávamos|gritáveis|gritavam,gritarei|gritarás|gritará|gritaremos|gritareis|gritarão
to whisper,sussurrar,verb-regular,I whisper.,Eu sussurro.,sussurro|sussurras|sussurra|sussurramos|sussurrais|sussurram,sussurrei|sussurraste|sussurrou|sussurramos|sussurrastes|sussurraram,sussurrava|sussurravas|sussurrava|sussurrávamos|sussurráveis|sussurravam,sussurrarei|sussurrarás|sussurrará|sussurraremos|sussurrareis|sussurrarão
to call,chamar,verb-regular,I call you.,Eu chamo-te.,chamo|chamas|chama|chamamos|chamais|chamam,chamei|chamaste|chamou|chamamos|chamastes|chamaram,chamava|chamavas|chamava|chamávamos|chamáveis|chamavam,chamarei|chamarás|chamará|chamaremos|chamareis|chamarão
to answer,atender,verb-regular,I answer the phone.,Eu atendo o telefone.,atendo|atendes|atende|atendemos|atendeis|atendem,atendi|atendeste|atendeu|atendemos|atendestes|atenderam,atendia|atendias|atendia|atendíamos|atendíeis|atendiam,atenderei|atenderás|atenderá|atenderemos|atendereis|atenderão
to ask,perguntar,verb-regular,I ask a question.,Eu pergunto.,pergunto|perguntas|pergunta|perguntamos|perguntais|perguntam,perguntei|perguntaste|perguntou|perguntamos|perguntastes|perguntaram,perguntava|perguntavas|perguntava|perguntávamos|perguntáveis|perguntavam,perguntarei|perguntarás|perguntará|perguntaremos|perguntareis|perguntarão
to respond,responder,verb-regular,I respond quickly.,Eu respondo rapidamente.,respondo|respondes|responde|respondemos|respondeis|respondem,respondi|respondeste|respondeu|respondemos|respondestes|responderam,respondia|respondias|respondia|respondíamos|respondíeis|respondiam,responderei|responderás|responderá|responderemos|respondereis|responderão
to tell,contar,verb-regular,I tell a story.,Eu conto uma história.,conto|contas|conta|contamos|contais|contam,contei|contaste|contou|contamos|contastes|contaram,contava|contavas|contava|contávamos|contáveis|contavam,contarei|contarás|contará|contaremos|contareis|contarão
to explain,explicar,verb-regular,I explain the lesson.,Eu explico a lição.,explico|explicas|explica|explicamos|explicais|explicam,expliquei|explicaste|explicou|explicamos|explicastes|explicaram,explicava|explicavas|explicava|explicávamos|explicáveis|explicavam,explicarei|explicarás|explicará|explicaremos|explicareis|explicarão
to describe,descrever,verb-regular,I describe the scene.,Eu descrevo a cena.,descrevo|descreves|descreve|descrevemos|descreveis|descrevem,descrevi|descreveste|descreveu|descrevemos|descrevestes|descreveram,descrevia|descrevias|descrevia|descrevíamos|descrevíeis|descreviam,descreverei|descreverás|descreverá|descreveremos|descrevereis|descreverão
to teach,ensinar,verb-regular,I teach Portuguese.,Eu ensino português.,ensino|ensinas|ensina|ensinamos|ensinais|ensinam,ensinei|ensinaste|ensinou|ensinamos|ensinastes|ensinaram,ensinava|ensinavas|ensinava|ensinávamos,ensináveis|ensinavam,ensinarei|ensinarás|ensinará|ensinaremos|ensinareis|ensinarão
to show,mostrar,verb-regular,I show you.,Eu mostro-te.,mostro|mostras|mostra|mostramos|mostrais|mostram,mostrei|mostraste|mostrou|mostramos|mostrastes|mostraram,mostrava|mostravas|mostrava|mostrávamos|mostráveis|mostravam,mostrarei|mostrarás|mostrará|mostraremos|mostrareis|mostrarão
to remember,lembrar,verb-regular,I remember you.,Eu lembro-me de ti.,lembro|lembras|lembra|lembramos|lembrais|lembram,lembrei|lembraste|lembrou|lembramos|lemb rastes|lembraram,lembrava|lembravas|lembrava|lembrávamos|lembráveis|lembravam,lembrarei|lembrarás|lembrará|lembraremos|lembrareis|lembrarão
to forget,esquecer,verb-regular,I forget everything.,Eu esqueço tudo.,esqueço|esqueces|esquece|esquecemos|esqueceis|esquecem,esqueci|esqueceste|esqueceu|esquecemos|esquecestes|esqueceram,esquecia|esquecias|esquecia|esquecíamos|esquecíeis|esqueciam,esquecerei|esquecerás|esquecerá|esqueceremos|esquecereis|esquecerão
to know person,conhecer,verb-regular,I know him.,Eu conheço-o.,conheço|conheces|conhece|conhecemos|conheceis|conhecem,conheci|conheceste|conheceu|conhecemos|conhecestes|conheceram,conhecia|conhecias|conhecia|conhecíamos|conhecíeis|conheciam,conhecerei|conhecerás|conhecerá|conheceremos|conhecereis|conhecerão
to meet,encontrar,verb-regular,I meet my friend.,Eu encontro o meu amigo.,encontro|encontras|encontra|encontramos|encontrais|encontram,encontrei|encontraste|encontrou|encontramos|encontrastes|encontraram,encontrava|encontravas|encontrava|encontrávamos|encontráveis|encontravam,encontrarei|encontrarás|encontrará|encontraremos|encontrareis|encontrarão
to visit,visitar,verb-regular,I visit my family.,Eu visito a minha família.,visito|visitas|visita|visitamos|visitais|visitam,visitei|visitaste|visitou|visitamos|visitastes|visitaram,visitava|visitavas|visitava|visitávamos|visitáveis|visitavam,visitarei|visitarás|visitará|visitaremos|visitareis|visitarão
to invite,convidar,verb-regular,I invite you.,Eu convido-te.,convido|convidas|convida|convidamos|convidais|convidam,convidei|convidaste|convidou|convidamos|convidastes|convidaram,convidava|convidavas|convidava|convidávamos|convidáveis|convidavam,convidarei|convidarás|convidará|convidaremos|convidareis|convidarão
to receive,receber,verb-regular,I receive a letter.,Eu recebo uma carta.,recebo|recebes|recebe|recebemos|recebeis|recebem,recebi|recebeste|recebeu|recebemos|recebestes|receberam,recebia|recebias|recebia|recebíamos|recebíeis|recebiam,receberei|receberás|receberá|receberemos|recebereis|receberão
to send,enviar,verb-regular,I send an email.,Eu envio um email.,envio|envias|envia|enviamos|enviais|enviam,enviei|enviaste|enviou|enviamos|enviastes|enviaram,enviava|enviavas|enviava|enviávamos|enviáveis|enviavam,enviarei|enviarás|enviará|enviaremos|enviareis|enviarão
to pay,pagar,verb-regular,I pay the bill.,Eu pago a conta.,pago|pagas|paga|pagamos|pagais|pagam,paguei|pagaste|pagou|pagamos|pagastes|pagaram,pagava|pagavas|pagava|pagávamos|pagáveis|pagavam,pagarei|pagarás|pagará|pagaremos|pagareis|pagarão
to cost,custar,verb-regular,How much does it cost?,Quanto custa?,custa|custas|custa|custamos|custais|custam,custei|custaste|custou|custamos|custastes|custaram,custava|custavas|custava|custávamos|custáveis|custavam,custarei|custarás|custará|custaremos|custareis|custarão
to save,poupar,verb-regular,I save money.,Eu poupo dinheiro.,poupo|poupas|poupa|poupamos|poupais|poupam,poupei|poupaste|poupou|poupamos|poupastes|pouparam,poupava|poupavas|poupava|poupávamos|poupáveis,poupavam,pouparei|pouparás|poupará|pouparemos|poupareis|pouparão
to spend,gastar,verb-regular,I spend too much.,Eu gasto demais.,gasto|gastas|gasta|gastamos|gastais|gastam,gastei|gastaste|gastou|gastamos|gastastes|gastaram,gastava|gastavas|gastava|gastávamos|gastáveis|gastavam,gastarei|gastarás|gastará|gastaremos|gastareis|gastarão
to earn,ganhar,verb-regular,I earn money.,Eu ganho dinheiro.,ganho|ganhas|ganha|ganhamos|ganhais|ganham,ganhei|ganhaste|ganhou|ganhamos|ganhastes|ganharam,ganhava|ganhavas|ganhava|ganhávamos|ganháveis|ganhavam,ganharei|ganharás|ganhará|ganharemos|ganhareis|ganharão
to lose,perder,verb-regular,I lose money.,Eu perco dinheiro.,perco|perdes|perde|perdemos|perdeis|perdem,perdi|perdeste|perdeu|perdemos|perdestes|perderam,perdia|perdias|perdia|perdíamos|perdíeis|perdiam,perderei|perderás|perderá|perderemos|perdereis|perderão
to win,ganhar,verb-regular,I win the game.,Eu ganho o jogo.,ganho|ganhas|ganha|ganhamos|ganhais|ganham,ganhei|ganhaste|ganhou|ganhamos|ganhastes|ganharam,ganhava|ganhavas|ganhava|ganhávamos|ganháveis|ganhavam,ganharei|ganharás|ganhará|ganharemos|ganhareis|ganharão
to change,mudar,verb-regular,I change my mind.,Eu mudo de ideias.,mudo|mudas|muda|mudamos|mudais|mudam,mudei|mudaste|mudou|mudamos|mudastes|mudaram,mudava|mudavas|mudava|mudávamos|mudáveis|mudavam,mudarei|mudarás|mudará|mudaremos|mudareis|mudarão
to choose,escolher,verb-regular,I choose this one.,Eu escolho este.,escolho|escolhes|escolhe|escolhemos|escolheis|escolhem,escolhi|escolheste|escolheu|escolhemos|escolhestes|escolheram,escolhia|escolhias|escolhia|escolhíamos|escolhíeis|escolhiam,escolherei|escolherás|escolherá|escolheremos|escolhereis|escolherão
to decide,decidir,verb-regular,I decide today.,Eu decido hoje.,decido|decides|decide|decidimos|decidis|decidem,decidi|decidiste|decidiu|decidimos|decidistes|decidiram,decidia|decidias|decidia|decidíamos|decidíeis|decidiam,decidirei|decidirás|decidirá|decidiremos|decidireis|decidirão
to prefer,preferir,verb-irregular,I prefer coffee.,Eu prefiro café.,prefiro|preferes|prefere|preferimos|preferis|preferem,preferi|preferiste|preferiu|preferimos|preferistes|preferiram,preferia|preferias|preferia|preferíamos|preferíeis|preferiam,preferirei|preferirás|preferirá|preferiremos|preferireis|preferirão
to promise,prometer,verb-regular,I promise you.,Eu prometo-te.,prometo|prometes|promete|prometemos|prometeis|prometem,prometi|prometeste|prometeu|prometemos|prometestes|prometeram,prometia|prometias|prometia|prometíamos|prometíeis|prometiam,prometerei|prometerás|prometerá|prometeremos|prometereis|prometerão
to hope,esperar,verb-regular,I hope so.,Eu espero que sim.,espero|esperas|espera|esperamos|esperais|esperam,esperei|esperaste|esperou|esperamos|esperastes|esperaram,esperava|esperavas|esperava|esperávamos|esperáveis|esperavam,esperarei|esperarás|esperará|esperaremos|esperareis|esperarão
to wish,desejar,verb-regular,I wish you well.,Eu desejo-te bem.,desejo|desejas|deseja|desejamos|desejais|desejam,desejei|desejaste|desejou|desejamos|desejastes|desejaram,desejava|desejavas|desejava|desejávamos|desejáveis|desejavam,desejarei|desejarás|desejará|desejaremos|desejareis|desejarão
to dream,sonhar,verb-regular,I dream at night.,Eu sonho à noite.,sonho|sonhas|sonha|sonhamos|sonhais|sonham,sonhei|sonhaste|sonhou|sonhamos|sonhastes|sonharam,sonhava|sonhavas|sonhava|sonhávamos|sonháveis|sonhavam,sonharei|sonharás|sonhará|sonharemos|sonhareis|sonharão
to allow,permitir,verb-irregular,I allow it.,Eu permito.,permito|permites|permite|permitimos|permitis|permitem,permiti|permitiste|permitiu|permitimos|permitistes|permitiram,permitia|permitias|permitia|permitíamos|permitíeis|permitiam,permitirei|permitirás|permitirá|permitiremos|permitireis|permitirão
to prohibit,proibir,verb-irregular,I prohibit smoking.,Eu proíbo fumar.,proíbo|proíbes|proíbe|proibimos|proibis|proíbem,proibi|proibiste|proibiu|proibimos|proibistes|proibiram,proibia|proibias|proibia|proibíamos|proibíeis|proibiam,proibirei|proibirás|proibirá|proibiremos|proibireis|proibirão
to accept,aceitar,verb-regular,I accept your offer.,Eu aceito a tua oferta.,aceito|aceitas|aceita|aceitamos|aceitais|aceitam,aceitei|aceitaste|aceitou|aceitamos|aceitastes|aceitaram,aceitava|aceitavas|aceitava|aceitávamos|aceitáveis|aceitavam,aceitarei|aceitarás|aceitará|aceitaremos|aceitareis|aceitarão
to refuse,recusar,verb-regular,I refuse.,Eu recuso.,recuso|recusas|recusa|recusamos|recusais|recusam,recusei|recusaste|recusou|recusamos|recusastes|recusaram,recusava|recusavas|recusava|recusávamos|recusáveis|recusavam,recusarei|recusarás|recusará|recusaremos|recusareis|recusarão
to agree,concordar,verb-regular,I agree with you.,Eu concordo contigo.,concordo|concordas|concorda|concordamos|concordais|concordam,concordei|concordaste|concordou|concordamos|concordastes|concordaram,concordava|concordavas|concordava|concordávamos|concordáveis|concordavam,concordarei|concordarás|concordará|concordaremos|concordareis|concordarão
to disagree,discordar,verb-regular,I disagree.,Eu discordo.,discordo|discordas|discorda|discordamos|discordais|discordam,discordei|discordaste|discordou|discordamos|discordastes|discordaram,discordava|discordavas|discordava|discordávamos|discordáveis|discordavam,discordarei|discordarás|discordará|discordaremos|discordareis|discordarão
to order,pedir,verb-irregular,I order food.,Eu peço comida.,peço|pedes|pede|pedimos|pedis|pedem,pedi|pediste|pediu|pedimos|pedistes|pediram,pedia|pedias|pedia|pedíamos|pedíeis|pediam,pedirei|pedirás|pedirá|pediremos|pedireis|pedirão
to request,solicitar,verb-regular,I request information.,Eu solicito informação.,solicito|solicitas|solicita|solicitamos|solicitais|solicitam,solicitei|solicitaste|solicitou|solicitamos|solicitastes|solicitaram,solicitava|solicitavas|solicitava|solicitávamos|solicitáveis|solicitavam,solicitarei|solicitarás|solicitará|solicitaremos|solicitareis|solicitarão
to recommend,recomendar,verb-regular,I recommend this book.,Eu recomendo este livro.,recomendo|recomer das|recomenda|recomendamos|recomendais|recomendam,recomendei|recomendaste|recomendou|recomendamos|recomendastes|recomendaram,recomendava|recomendavas|recomendava|recomendávamos|recomendáveis|recomendavam,recomendarei|recomendarás|recomendará|recomendaremos|recomendareis|recomendar ão
to suggest,sugerir,verb-irregular,I suggest we go.,Eu sugiro que vamos.,sugiro|sugeres|sugere|sugerimos|sugeris|sugerem,sugeri|sugeriste|sugeriu|sugerimos|sugeristes|sugeriram,sugeria|sugerias|sugeria|sugeríamos|sugeríeis|sugeriam,sugerirei|sugerirás|sugerirá|sugeriremos|sugerireis|sugerirão
to complain,queixar-se,verb-regular,I complain.,Eu queixo-me.,queixo|queixas|queixa|queixamos|queixais|queixam,queixei|queixaste|queixou|queixamos|queixastes|queixaram,queixava|queixavas|queixava|queixávamos|queixáveis|queixavam,queixarei|queixarás|queixará|queixaremos|queixareis|queixarão
to apologize,pedir desculpa,verb-irregular,I apologize.,Eu peço desculpa.,peço|pedes|pede|pedimos|pedis|pedem,pedi|pediste|pediu|pedimos|pedistes|pediram,pedia|pedias|pedia|pedíamos|pedíeis|pediam,pedirei|pedirás|pedirá|pediremos|pedireis|pedirão
to thank,agradecer,verb-regular,I thank you.,Eu agradeço-te.,agradeço|agradeces|agradece|agradecemos|agradeceis|agradecem,agradeci|agradeceste|agradeceu|agradecemos|agradecestes|agradeceram,agradecia|agradecias|agradecia|agradecíamos|agradecíeis|agradeciam,agradecerei|agradecerás|agradecerá|agradeceremos|agradecereis|agradecerão
to congratulate,felicitar,verb-regular,I congratulate you.,Eu felicito-te.,felicito|felicitas|felicita|felicitamos|felicitais|felicitam,felicitei|felicitaste|felicitou|felicitamos|felicitastes|felicitaram,felicitava|felicitavas|felicitava|felicitávamos|felicitáveis|felicitavam,felicitarei|felicitarás|felicitará|felicitaremos|felicitareis|felicitarão
to celebrate,celebrar,verb-regular,I celebrate my birthday.,Eu celebro o meu aniversário.,celebro|celebras|celebra|celebramos|celebrais|celebram,celebrei|celebraste|celebrou|celebramos|celebrastes|celebraram,celebrava|celebravas|celebrava|celebrávamos|celebráveis|celebravam,celebrarei|celebrarás|celebrará|celebraremos|celebrareis|celebrarão
to surprise,surpreender,verb-regular,It surprises me.,Surpreende-me.,surpreendo|surpreendes|surpreende|surpreendemos|surpreendeis|surpreendem,surpreendi|surpreendeste|surpreendeu|surpreendemos|surpreendestes|surpreenderam,surpreendia|surpreendias|surpreendia|surprendíamos|surpreendíeis|surpreendiam,surpreenderei|surpreenderás|surpreenderá|surpreenderemos|surpreendereis|surpreenderão
to impress,impressionar,verb-regular,It impresses me.,Impressiona-me.,impressiono|impressionas|impressiona|impressionamos|impressionais|impressionam,impressionei|impressionaste|impressionou|impressionamos|impressionastes|impressionaram,impressionava|impressionavas|impressionava|impressionávamos|impressionáveis|impressionavam,impressionarei|impressionarás|impressionará|impressionaremos|impressionareis|impressionarão
to worry,preocupar-se,verb-regular,I worry.,Eu preocupo-me.,preocupo|preocupas|preocupa|preocupamos|preocupais|preocupam,preocupei|preocupaste|preocupou|preocupamos|preocupastes|preocuparam,preocupava|preocupavas|preocupava|preocupávamos|preocupáveis|preocupavam,preocuparei|preocuparás|preocupará|preocuparemos|preocupareis|preocuparão
to relax,relaxar,verb-regular,I relax.,Eu relaxo.,relaxo|relaxas|relaxa|relaxamos|relaxais|relaxam,relaxei|relaxaste|relaxou|relaxamos|relaxastes|relaxaram,relaxava|relaxavas|relaxava|relaxávamos|relaxáveis|relaxavam,relaxarei|relaxarás|relaxará|relaxaremos|relaxareis|relaxarão
to rest,descansar,verb-regular,I rest.,Eu descanso.,descanso|descansas|descansa|descansamos|descansais|descansam,descansei|descansaste|descansou|descansamos|descansastes|descansaram,descansava|descansavas|descansava|descansávamos|descansáveis|descansavam,descansarei|descansarás|descansará|descansaremos|descansareis|descansarão
to tire,cansar,verb-regular,I get tired.,Eu canso-me.,canso|cansas|cansa|cansamos|cansais|cansam,cansei|cansaste|cansou|cansamos|cansastes|cansaram,cansava|cansavas|cansava|cansávamos|cansáveis|cansavam,cansarei|cansarás|cansará|cansaremos|cansareis|cansarão
to hurt,magoar,verb-regular,It hurts.,Magoa.,magoo|magoas|magoa|magoamos|magoais|magoam,magoei|magoaste|magoou|magoamos|magoastes|magoaram,magoava|magoavas|magoava|magoávamos|magoáveis|magoavam,magoarei|magoarás|magoará|magoaremos|magoareis|magoarão
to heal,curar,verb-regular,It heals.,Cura.,curo|curas|cura|curamos|curais|curam,curei|curaste|curou|curamos|curastes|curaram,curava|curavas|curava|curávamos|curáveis|curavam,curarei|curarás|curará|curaremos|curareis|curarão
to die,morrer,verb-regular,People die.,As pessoas morrem.,morro|morres|morre|morremos|morreis|morrem,morri|morreste|morreu|morremos|morrestes|morreram,morria|morrias|morria|morríamos|morríeis|morriam,morrerei|morrerás|morrerá|morreremos|morrereis|morrerão
to live,viver,verb-regular,I live happily.,Eu vivo feliz.,vivo|vives|vive|vivemos|viveis|vivem,vivi|viveste|viveu|vivemos|vivestes|viveram,vivia|vivias|vivia|vivíamos|vivíeis|viviam,viverei|viverás|viverá|viveremos|vivereis|viverão
to birth,nascer,verb-regular,I was born in Portugal.,Eu nasci em Portugal.,nasço|nasces|nasce|nascemos|nasceis|nascem,nasci|nasceste|nasceu|nascemos|nascestes|nasceram,nascia|nascias|nascia|nascíamos|nascíeis|nasciam,nascerei|nascerás|nascerá|nasceremos|nascereis|nascerão
to grow,crescer,verb-regular,Children grow.,As crianças crescem.,cresço|cresces|cresce|crescemos|cresceis|crescem,cresci|cresceste|cresceu|crescemos|crescestes|cresceram,crescia|crescias|crescia|crescíamos|crescíeis|cresciam,crescerei|crescerás|crescerá|cresceremos|crescereis|crescerão
important,importante,adjective,This is important.,Isto é importante.,,,
necessary,necessário,adjective,It's necessary.,É necessário.,,,
possible,possível,adjective,It's possible.,É possível.,,,
impossible,impossível,adjective,It's impossible.,É impossível.,,,
simple,simples,adjective,It's simple.,É simples.,,,
complex,complexo,adjective,It's complex.,É complexo.,,,
perfect,perfeito,adjective,It's perfect.,É perfeito.,,,
terrible,terrível,adjective,It's terrible.,É terrível.,,,
wonderful,maravilhoso,adjective,It's wonderful.,É maravilhoso.,,,
amazing,incrível,adjective,It's amazing.,É incrível.,,,
fantastic,fantástico,adjective,It's fantastic.,É fantástico.,,,
horrible,horrível,adjective,It's horrible.,É horrível.,,,
awful,terrível,adjective,It's awful.,É terrível.,,,
excellent,excelente,adjective,It's excellent.,É excelente.,,,
brilliant,brilhante,adjective,It's brilliant.,É brilhante.,,,
stupid,estúpido,adjective,That's stupid.,Isso é estúpido.,,,
intelligent,inteligente,adjective,He is intelligent.,Ele é inteligente.,,,
smart,esperto,adjective,She is smart.,Ela é esperta.,,,
clever,inteligente,adjective,That's clever.,Isso é inteligente.,,,
wise,sábio,adjective,He is wise.,Ele é sábio.,,,
foolish,tolo,adjective,That's foolish.,Isso é tolo.,,,
brave,corajoso,adjective,He is brave.,Ele é corajoso.,,,
afraid,com medo,expression,I am afraid.,Eu estou com medo.,,,
scared,assustado,adjective,I am scared.,Eu estou assustado.,,,
nervous,nervoso,adjective,I am nervous.,Eu estou nervoso.,,,
calm,calmo,adjective,Stay calm.,Fica calmo.,,,
angry,zangado,adjective,I am angry.,Eu estou zangado.,,,
furious,furioso,adjective,He is furious.,Ele está furioso.,,,
annoyed,irritado,adjective,I am annoyed.,Eu estou irritado.,,,
upset,chateado,adjective,She is upset.,Ela está chateada.,,,
worried,preocupado,adjective,I am worried.,Eu estou preocupado.,,,
anxious,ansioso,adjective,I am anxious.,Eu estou ansioso.,,,
excited,animado,adjective,I am excited.,Eu estou animado.,,,
bored,aborrecido,adjective,I am bored.,Eu estou aborrecido.,,,
surprised,surpreendido,adjective,I am surprised.,Eu estou surpreendido.,,,
shocked,chocado,adjective,I am shocked.,Eu estou chocado.,,,
confused,confuso,adjective,I am confused.,Eu estou confuso.,,,
sure,certo,adjective,I am sure.,Eu tenho a certeza.,,,
uncertain,incerto,adjective,I am uncertain.,Eu estou incerto.,,,
comfortable,confortável,adjective,I am comfortable.,Eu estou confortável.,,,
uncomfortable,desconfortável,adjective,I am uncomfortable.,Eu estou desconfortável.,,,
satisfied,satisfeito,adjective,I am satisfied.,Eu estou satisfeito.,,,
dissatisfied,insatisfeito,adjective,I am dissatisfied.,Eu estou insatisfeito.,,,
lucky,sortudo,adjective,I am lucky.,Eu sou sortudo.,,,
unlucky,azarado,adjective,I am unlucky.,Eu sou azarado.,,,
successful,bem-sucedido,adjective,He is successful.,Ele é bem-sucedido.,,,
proud,orgulhoso,adjective,I am proud.,Eu estou orgulhoso.,,,
ashamed,envergonhado,adjective,I am ashamed.,Eu estou envergonhado.,,,
jealous,ciumento,adjective,He is jealous.,Ele é ciumento.,,,
envious,invejoso,adjective,She is envious.,Ela é invejosa.,,,
generous,generoso,adjective,He is generous.,Ele é generoso.,,,
selfish,egoísta,adjective,He is selfish.,Ele é egoísta.,,,
kind,gentil,adjective,She is kind.,Ela é gentil.,,,
mean,maldoso,adjective,He is mean.,Ele é maldoso.,,,
polite,educado,adjective,He is polite.,Ele é educado.,,,
rude,mal-educado,adjective,He is rude.,Ele é mal-educado.,,,
honest,honesto,adjective,He is honest.,Ele é honesto.,,,
dishonest,desonesto,adjective,He is dishonest.,Ele é desonesto.,,,
sincere,sincero,adjective,She is sincere.,Ela é sincera.,,,
fake,falso,adjective,It's fake.,É falso.,,,
real,verdadeiro,adjective,It's real.,É verdadeiro.,,,
true,verdadeiro,adjective,It's true.,É verdade.,,,
false,falso,adjective,It's false.,É falso.,,,
correct,correto,adjective,That's correct.,Está correto.,,,
incorrect,incorreto,adjective,That's incorrect.,Está incorreto.,,,
near,perto,adverb,It's near.,É perto.,,,
far,longe,adverb,It's far.,É longe.,,,
close,próximo,adjective,It's close.,É próximo.,,,
distant,distante,adjective,It's distant.,É distante.,,,
left,esquerda,noun,Turn left.,Vira à esquerda.,,,
right,direita,noun,Turn right.,Vira à direita.,,,
straight,em frente,adverb,Go straight.,Vai em frente.,,,
back,atrás,adverb,Go back.,Volta atrás.,,,
forward,para a frente,adverb,Move forward.,Avança.,,,
up,para cima,adverb,Look up.,Olha para cima.,,,
down,para baixo,adverb,Look down.,Olha para baixo.,,,
inside,dentro,adverb,Come inside.,Entra.,,,
outside,fora,adverb,Go outside.,Vai para fora.,,,
above,acima,adverb,Above the table.,Acima da mesa.,,,
below,abaixo,adverb,Below the table.,Abaixo da mesa.,,,
between,entre,other,Between us.,Entre nós.,,,
among,entre,other,Among friends.,Entre amigos.,,,
behind,atrás de,other,Behind the door.,Atrás da porta.,,,
in front of,em frente de,other,In front of the house.,Em frente da casa.,,,
next to,ao lado de,other,Next to me.,Ao meu lado.,,,
beside,junto a,other,Beside you.,Junto a ti.,,,
near,perto de,other,Near the station.,Perto da estação.,,,
opposite,em frente a,other,Opposite the bank.,Em frente ao banco.,,,
in,em,other,In the box.,Na caixa.,,,
on,em,other,On the table.,Na mesa.,,,
under,debaixo de,other,Under the bed.,Debaixo da cama.,,,
over,sobre,other,Over the bridge.,Sobre a ponte.,,,
through,através de,other,Through the door.,Através da porta.,,,
across,do outro lado,other,Across the street.,Do outro lado da rua.,,,
along,ao longo de,other,Along the river.,Ao longo do rio.,,,
around,à volta de,other,Around the city.,À volta da cidade.,,,
towards,em direção a,other,Towards the beach.,Em direção à praia.,,,
from,de,other,From Portugal.,De Portugal.,,,
to,para,other,To Lisbon.,Para Lisboa.,,,
into,para dentro de,other,Into the room.,Para dentro do quarto.,,,
out of,para fora de,other,Out of the house.,Para fora da casa.,,,
with,com,other,With you.,Contigo.,,,
without,sem,other,Without you.,Sem ti.,,,
by,por,other,By car.,De carro.,,,
for,para,other,For you.,Para ti.,,,
about,sobre,other,About me.,Sobre mim.,,,
against,contra,other,Against the wall.,Contra a parede.,,,
during,durante,other,During the day.,Durante o dia.,,,
before,antes de,other,Before dinner.,Antes do jantar.,,,
after,depois de,other,After work.,Depois do trabalho.,,,
until,até,other,Until tomorrow.,Até amanhã.,,,
since,desde,other,Since Monday.,Desde segunda-feira.,,,
and,e,other,You and me.,Tu e eu.,,,
or,ou,other,Yes or no.,Sim ou não.,,,
but,mas,other,Small but nice.,Pequeno mas bonito.,,,
because,porque,other,Because I want to.,Porque eu quero.,,,
if,se,other,If possible.,Se possível.,,,
when,quando,other,When you want.,Quando quiseres.,,,
while,enquanto,other,While I work.,Enquanto eu trabalho.,,,
so,então,other,So what?,Então?,,,
therefore,portanto,other,Therefore I go.,Portanto eu vou.,,,
however,no entanto,other,However it's difficult.,No entanto é difícil.,,,
although,embora,other,Although it's late.,Embora seja tarde.,,,
unless,a menos que,other,Unless you want.,A menos que queiras.,,,
as,como,other,As you know.,Como sabes.,,,
than,do que,other,Better than before.,Melhor do que antes.,,,
like,como,other,Like this.,Como isto.,,,
such as,tal como,other,Such as coffee.,Tal como café.,,,
except,exceto,other,Everyone except me.,Todos exceto eu.,,,
besides,além de,other,Besides that.,Além disso.,,,
instead of,em vez de,other,Instead of water.,Em vez de água.,,,
according to,segundo,other,According to him.,Segundo ele.,,,
despite,apesar de,other,Despite the rain.,Apesar da chuva.,,,
regarding,relativamente a,other,Regarding this matter.,Relativamente a este assunto.,,,
concerning,relativamente a,other,Concerning your question.,Relativamente à tua pergunta.,,,
plus,mais,other,Two plus two.,Dois mais dois.,,,
minus,menos,other,Five minus three.,Cinco menos três.,,,
times,vezes,other,Two times three.,Dois vezes três.,,,
divided by,dividido por,other,Ten divided by two.,Dez dividido por dois.,,,
equals,é igual a,other,Two plus two equals four.,Dois mais dois é igual a quatro.,,,
percent,por cento,other,Fifty percent.,Cinquenta por cento.,,,
approximately,aproximadamente,adverb,Approximately ten.,Aproximadamente dez.,,,
exactly,exatamente,adverb,Exactly right.,Exatamente.,,,
almost,quase,adverb,Almost ready.,Quase pronto.,,,
nearly,quase,adverb,Nearly finished.,Quase acabado.,,,
quite,bastante,adverb,Quite good.,Bastante bom.,,,
really,realmente,adverb,Really good.,Realmente bom.,,,
actually,na verdade,adverb,Actually I don't know.,Na verdade não sei.,,,
certainly,certamente,adverb,Certainly yes.,Certamente sim.,,,
definitely,definitivamente,adverb,Definitely no.,Definitivamente não.,,,
probably,provavelmente,adverb,Probably tomorrow.,Provavelmente amanhã.,,,
possibly,possivelmente,adverb,Possibly later.,Possivelmente mais tarde.,,,
maybe,talvez,adverb,Maybe yes.,Talvez sim.,,,
perhaps,talvez,adverb,Perhaps not.,Talvez não.,,,
surely,com certeza,adverb,Surely you know.,Com certeza sabes.,,,
obviously,obviamente,adverb,Obviously yes.,Obviamente sim.,,,
clearly,claramente,adverb,Clearly wrong.,Claramente errado.,,,
apparently,aparentemente,adverb,Apparently so.,Aparentemente sim.,,,
fortunately,felizmente,adverb,Fortunately I won.,Felizmente ganhei.,,,
unfortunately,infelizmente,adverb,Unfortunately I lost.,Infelizmente perdi.,,,
luckily,felizmente,adverb,Luckily I arrived.,Felizmente cheguei.,,,
suddenly,de repente,adverb,Suddenly it rained.,De repente choveu.,,,
immediately,imediatamente,adverb,Come immediately.,Vem imediatamente.,,,
quickly,rapidamente,adverb,Walk quickly.,Anda rapidamente.,,,
slowly,lentamente,adverb,Drive slowly.,Conduz lentamente.,,,
carefully,cuidadosamente,adverb,Drive carefully.,Conduz cuidadosamente.,,,
easily,facilmente,adverb,I win easily.,Eu ganho facilmente.,,,
hardly,mal,adverb,I hardly know.,Eu mal sei.,,,
finally,finalmente,adverb,Finally arrived.,Finalmente chegou.,,,
recently,recentemente,adverb,I arrived recently.,Eu cheguei recentemente.,,,
lately,ultimamente,adverb,Lately I'm busy.,Ultimamente estou ocupado.,,,
soon,em breve,adverb,Coming soon.,Em breve.,,,
eventually,eventualmente,adverb,Eventually he came.,Eventualmente ele veio.,,,
meanwhile,entretanto,adverb,Meanwhile I wait.,Entretanto eu espero.,,,
currently,atualmente,adverb,Currently living here.,Atualmente vivo aqui.,,,
nowadays,hoje em dia,adverb,Nowadays it's different.,Hoje em dia é diferente.,,,
formerly,anteriormente,adverb,Formerly I lived there.,Anteriormente vivia lá.,,,
previously,previamente,adverb,Previously mentioned.,Previamente mencionado.,,,
afterwards,depois,adverb,Afterwards we left.,Depois saímos.,,,
later,mais tarde,adverb,See you later.,Até mais tarde.,,,
earlier,mais cedo,adverb,I arrived earlier.,Eu cheguei mais cedo.,,,
just now,agora mesmo,adverb,I arrived just now.,Eu cheguei agora mesmo.,,,
right now,neste momento,adverb,I'm busy right now.,Estou ocupado neste momento.,,,
at once,imediatamente,adverb,Leave at once.,Sai imediatamente.,,,
at first,no início,adverb,At first it was difficult.,No início era difícil.,,,
at last,finalmente,adverb,At last we arrived.,Finalmente chegámos.,,,
in the end,no fim,adverb,In the end we won.,No fim ganhámos.,,,
at the moment,neste momento,adverb,I'm working at the moment.,Estou a trabalhar neste momento.,,,
for a while,por um tempo,adverb,I lived there for a while.,Vivi lá por um tempo.,,,
for a long time,durante muito tempo,adverb,I waited for a long time.,Esperei durante muito tempo.,,,
once,uma vez,adverb,I went there once.,Fui lá uma vez.,,,
twice,duas vezes,adverb,I called twice.,Liguei duas vezes.,,,
again,outra vez,adverb,Say it again.,Diz outra vez.,,,
once more,mais uma vez,adverb,Try once more.,Tenta mais uma vez.,,,
anymore,mais,adverb,Not anymore.,Já não.,,,
no longer,já não,adverb,I no longer live there.,Já não vivo lá.,,,
still,ainda,adverb,Still here.,Ainda aqui.,,,
yet,ainda,adverb,Not yet.,Ainda não.,,,
even,até,adverb,Even better.,Até melhor.,,,
only,só,adverb,Only me.,Só eu.,,,
just,só,adverb,Just a moment.,Só um momento.,,,
enough,suficiente,adjective,That's enough.,É suficiente.,,,
too much,demais,adverb,Too much work.,Trabalho demais.,,,
too many,demasiados,adjective,Too many people.,Demasiadas pessoas.,,,
so much,tanto,adverb,So much to do.,Tanto para fazer.,,,
so many,tantos,adjective,So many questions.,Tantas perguntas.,,,
a little,um pouco,adverb,A little water.,Um pouco de água.,,,
a lot,muito,adverb,A lot of people.,Muita gente.,,,
much,muito,adverb,How much?,Quanto?,,,
many,muitos,adjective,How many?,Quantos?,,,
few,poucos,adjective,Few people.,Poucas pessoas.,,,
several,vários,adjective,Several times.,Várias vezes.,,,
some,alguns,adjective,Some people.,Algumas pessoas.,,,
any,qualquer,adjective,Any questions?,Alguma pergunta?,,,
no,nenhum,adjective,No problem.,Nenhum problema.,,,
all,todos,adjective,All people.,Todas as pessoas.,,,
every,cada,adjective,Every day.,Cada dia.,,,
each,cada,adjective,Each person.,Cada pessoa.,,,
both,ambos,adjective,Both hands.,Ambas as mãos.,,,
either,qualquer um,other,Either one.,Qualquer um.,,,
neither,nenhum dos dois,other,Neither one.,Nenhum dos dois.,,,
another,outro,adjective,Another day.,Outro dia.,,,
other,outro,adjective,The other one.,O outro.,,,
office,escritório,noun,I work in an office.,Eu trabalho num escritório.,,,
desk,secretária,noun,Clean desk.,Secretária limpa.,,,
chair,cadeira de escritório,noun,Comfortable chair.,Cadeira confortável.,,,
meeting,reunião,noun,I have a meeting.,Eu tenho uma reunião.,,,
appointment,consulta,noun,Doctor's appointment.,Consulta médica.,,,
contract,contrato,noun,Sign the contract.,Assina o contrato.,,,
document,documento,noun,Important document.,Documento importante.,,,
file,ficheiro,noun,The file is here.,O ficheiro está aqui.,,,
folder,pasta,noun,Yellow folder.,Pasta amarela.,,,
report,relatório,noun,Monthly report.,Relatório mensal.,,,
presentation,apresentação,noun,Good presentation.,Boa apresentação.,,,
project,projeto,noun,New project.,Projeto novo.,,,
business,negócio,noun,Good business.,Bom negócio.,,,
company,empresa,noun,Big company.,Empresa grande.,,,
customer,cliente,noun,Happy customer.,Cliente feliz.,,,
client,cliente,noun,Important client.,Cliente importante.,,,
colleague,colega,noun,My colleague.,O meu colega.,,,
boss,chefe,noun,My boss.,O meu chefe.,,,
employee,empregado,noun,Good employee.,Bom empregado.,,,
salary,salário,noun,Monthly salary.,Salário mensal.,,,
wage,ordenado,noun,Good wage.,Bom ordenado.,,,
bonus,bónus,noun,Christmas bonus.,Bónus de Natal.,,,
promotion,promoção,noun,I got a promotion.,Recebi uma promoção.,,,
interview,entrevista,noun,Job interview.,Entrevista de emprego.,,,
application,candidatura,noun,Job application.,Candidatura de emprego.,,,
resume,currículo,noun,My resume.,O meu currículo.,,,
experience,experiência,noun,Work experience.,Experiência profissional.,,,
skill,competência,noun,Important skill.,Competência importante.,,,
training,formação,noun,Professional training.,Formação profissional.,,,
course,curso,noun,Portuguese course.,Curso de português.,,,
lesson,aula,noun,Portuguese lesson.,Aula de português.,,,
class,turma,noun,My class.,A minha turma.,,,
homework,trabalho de casa,noun,I do homework.,Eu faço trabalhos de casa.,,,
test,teste,noun,Difficult test.,Teste difícil.,,,
exam,exame,noun,Final exam.,Exame final.,,,
grade,nota,noun,Good grade.,Boa nota.,,,
mark,nota,noun,High mark.,Nota alta.,,,
result,resultado,noun,Test result.,Resultado do teste.,,,
pass,passar,verb-regular,I pass the exam.,Eu passo no exame.,passo|passas|passa|passamos|passais|passam,passei|passaste|passou|passamos|passastes|passaram,passava|passavas|passava|passávamos|passáveis|passavam,passarei|passarás|passará|passaremos|passareis|passarão
fail,reprovar,verb-regular,I fail the exam.,Eu reprovo no exame.,reprovo|reprovas|reprova|reprovamos|reprovais|reprovam,reprovei|reprovaste|reprovou|reprovamos|reprovastes|reprovaram,reprovava|reprovavas|reprovava|reprovávamos|reprovável|reprovavam,reprovarei|reprovarás|reprovará|reprovaremos|reprovareis|reprovarão
degree,diploma,noun,University degree.,Diploma universitário.,,,
diploma,diploma,noun,I receive a diploma.,Eu recebo um diploma.,,,
certificate,certificado,noun,Language certificate.,Certificado de língua.,,,
university,universidade,noun,I study at university.,Eu estudo na universidade.,,,
college,faculdade,noun,Medical college.,Faculdade de medicina.,,,
library,biblioteca,noun,Public library.,Biblioteca pública.,,,
dictionary,dicionário,noun,Portuguese dictionary.,Dicionário de português.,,,
grammar,gramática,noun,Portuguese grammar.,Gramática portuguesa.,,,
vocabulary,vocabulário,noun,New vocabulary.,Vocabulário novo.,,,
language,língua,noun,Portuguese language.,Língua portuguesa.,,,
translation,tradução,noun,Good translation.,Boa tradução.,,,
to translate,traduzir,verb-irregular,I translate texts.,Eu traduzo textos.,traduzo|traduzes|traduz|traduzimos|traduzis|traduzem,traduzi|traduziste|traduziu|traduzimos|traduzistes|traduziram,traduzia|traduzias|traduzia|traduzíamos|traduzíeis|traduziam,traduzirei|traduzirás|traduzirá|traduziremos|traduzireis|traduzirão
breakfast,pequeno-almoço,noun,I eat breakfast.,Eu tomo o pequeno-almoço.,,,
lunch,almoço,noun,I eat lunch.,Eu almoço.,,,
dinner,jantar,noun,I eat dinner.,Eu janto.,,,
snack,lanche,noun,Afternoon snack.,Lanche da tarde.,,,
meal,refeição,noun,Good meal.,Boa refeição.,,,
menu,menu,noun,The menu please.,O menu por favor.,,,
dish,prato,noun,Typical dish.,Prato típico.,,,
recipe,receita,noun,Cake recipe.,Receita de bolo.,,,
ingredient,ingrediente,noun,Fresh ingredients.,Ingredientes frescos.,,,
taste,sabor,noun,Good taste.,Bom sabor.,,,
flavor,sabor,noun,Chocolate flavor.,Sabor a chocolate.,,,
sweet,doce,adjective,Sweet taste.,Sabor doce.,,,
sour,azedo,adjective,Sour taste.,Sabor azedo.,,,
bitter,amargo,adjective,Bitter taste.,Sabor amargo.,,,
spicy,picante,adjective,Spicy food.,Comida picante.,,,
salty,salgado,adjective,Salty food.,Comida salgada.,,,
delicious,delicioso,adjective,Delicious food.,Comida deliciosa.,,,
tasty,saboroso,adjective,Tasty meal.,Refeição saborosa.,,,
fresh,fresco,adjective,Fresh vegetables.,Legumes frescos.,,,
rotten,podre,adjective,Rotten fruit.,Fruta podre.,,,
raw,cru,adjective,Raw meat.,Carne crua.,,,
cooked,cozinhado,adjective,Cooked food.,Comida cozinhada.,,,
baked,assado,adjective,Baked bread.,Pão assado.,,,
fried,frito,adjective,Fried fish.,Peixe frito.,,,
boiled,cozido,adjective,Boiled eggs.,Ovos cozidos.,,,
grilled,grelhado,adjective,Grilled chicken.,Frango grelhado.,,,
roasted,assado,adjective,Roasted meat.,Carne assada.,,,
steamed,cozido a vapor,adjective,Steamed vegetables.,Legumes cozidos a vapor.,,,
ticket,bilhete,noun,Train ticket.,Bilhete de comboio.,,,
reservation,reserva,noun,Hotel reservation.,Reserva de hotel.,,,
passport,passaporte,noun,My passport.,O meu passaporte.,,,
visa,visto,noun,I need a visa.,Eu preciso de um visto.,,,
luggage,bagagem,noun,My luggage.,A minha bagagem.,,,
suitcase,mala,noun,Blue suitcase.,Mala azul.,,,
backpack,mochila,noun,Travel backpack.,Mochila de viagem.,,,
tourist,turista,noun,I am a tourist.,Eu sou turista.,,,
guide,guia,noun,Tour guide.,Guia turístico.,,,
map,mapa,noun,City map.,Mapa da cidade.,,,
direction,direção,noun,The right direction.,A direção certa.,,,
distance,distância,noun,Long distance.,Longa distância.,,,
destination,destino,noun,Final destination.,Destino final.,,,
journey,viagem,noun,Long journey.,Viagem longa.,,,
trip,viagem,noun,Short trip.,Viagem curta.,,,
tour,passeio,noun,City tour.,Passeio pela cidade.,,,
flight,voo,noun,Direct flight.,Voo direto.,,,
boarding pass,cartão de embarque,noun,My boarding pass.,O meu cartão de embarque.,,,
gate,porta de embarque,noun,Gate number five.,Porta de embarque número cinco.,,,
customs,alfândega,noun,At customs.,Na alfândega.,,,
to pack,fazer as malas,verb-regular,I pack my bags.,Eu faço as malas.,faço|fazes|faz|fazemos|fazeis|fazem,fiz|fizeste|fez|fizemos|fizestes|fizeram,fazia|fazias|fazia|fazíamos|fazíeis|faziam,farei|farás|fará|faremos|fareis|farão
to unpack,desfazer as malas,verb-regular,I unpack.,Eu desfaço as malas.,desfaço|desfazes|desfaz|desfazemos|desfazeis|desfazem,desfiz|desfizeste|desfez|desfizemos|desfizestes|desfizeram,desfazia|desfazias|desfazia|desfazíamos|desfazíeis|desfaziam,desfarei|desfarás|desfará|desfaremos|desfareis|desfarão
to travel,viajar,verb-regular,I travel often.,Eu viajo frequentemente.,viajo|viajas|viaja|viajamos|viajais|viajam,viajei|viajaste|viajou|viajamos|viajastes|viajaram,viajava|viajavas|viajava|viajávamos|viajáveis|viajavam,viajarei|viajarás|viajará|viajaremos|viajareis|viajarão
to tour,passear,verb-regular,I tour the city.,Eu passeio pela cidade.,passeio|passeias|passeia|passeamos|passeais|passeiam,passeei|passeaste|passeou|passeamos|passeastes|passearam,passeava|passeavas|passeava|passeávamos|passeáveis|passeavam,passearei|passearás|passeará|passearemos|passeareis|passearão
to book,reservar,verb-regular,I book a hotel.,Eu reservo um hotel.,reservo|reservas|reserva|reservamos|reservais|reservam,reservei|reservaste|reservou|reservamos|reservastes|reservaram,reservava|reservavas|reservava|reservávamos|reserváveis|reservavam,reservarei|reservarás|reservará|reservaremos|reservareis|reservarão
to cancel,cancelar,verb-regular,I cancel the trip.,Eu cancelo a viagem.,cancelo|cancelas|cancela|cancelamos|cancelais|cancelam,cancelei|cancelaste|cancelou|cancelamos|cancelastes|cancelaram,cancelava|cancelavas|cancelava|cancelávamos|canceláveis|cancelavam,cancelarei|cancelarás|cancelará|cancelaremos|cancelareis|cancelarão
to confirm,confirmar,verb-regular,I confirm the booking.,Eu confirmo a reserva.,confirmo|confirmas|confirma|confirmamos|confirmais|confirmam,confirmei|confirmaste|confirmou|confirmamos|confirmastes|confirmaram,confirmava|confirmavas|confirmava|confirmávamos|confirmáveis|confirmavam,confirmarei|confirmarás|confirmará|confirmaremos|confirmareis|confirmarão
football,futebol,noun,I play football.,Eu jogo futebol.,,,
basketball,basquetebol,noun,I play basketball.,Eu jogo basquetebol.,,,
tennis,ténis,noun,I play tennis.,Eu jogo ténis.,,,
volleyball,voleibol,noun,I play volleyball.,Eu jogo voleibol.,,,
swimming,natação,noun,I like swimming.,Eu gosto de natação.,,,
running,corrida,noun,I go running.,Eu vou correr.,,,
cycling,ciclismo,noun,I like cycling.,Eu gosto de ciclismo.,,,
skiing,esqui,noun,I go skiing.,Eu vou esquiar.,,,
surfing,surf,noun,I go surfing.,Eu faço surf.,,,
fishing,pesca,noun,I go fishing.,Eu vou pescar.,,,
hiking,caminhada,noun,I go hiking.,Eu vou fazer caminhadas.,,,
climbing,escalada,noun,I go climbing.,Eu vou fazer escalada.,,,
camping,campismo,noun,I go camping.,Eu vou acampar.,,,
match,jogo,noun,Football match.,Jogo de futebol.,,,
team,equipa,noun,My team.,A minha equipa.,,,
player,jogador,noun,Good player.,Bom jogador.,,,
coach,treinador,noun,The coach trains.,O treinador treina.,,,
stadium,estádio,noun,Large stadium.,Estádio grande.,,,
field,campo,noun,Football field.,Campo de futebol.,,,
court,campo,noun,Tennis court.,Campo de ténis.,,,
pool,piscina,noun,Swimming pool.,Piscina.,,,
gym,ginásio,noun,I go to the gym.,Eu vou ao ginásio.,,,
to exercise,fazer exercício,verb-regular,I exercise daily.,Eu faço exercício diariamente.,faço|fazes|faz|fazemos|fazeis|fazem,fiz|fizeste|fez|fizemos|fizestes|fizeram,fazia|fazias|fazia|fazíamos|fazíeis|faziam,farei|farás|fará|faremos|fareis|farão
to train,treinar,verb-regular,I train every day.,Eu treino todos os dias.,treino|treinas|treina|treinamos|treinais|treinam,treinei|treinaste|treinou|treinamos|treinastes|treinaram,treinava|treinavas|treinava|treinávamos|treináveis,treinavam,treinarei|treinarás|treinará|treinaremos|treinareis|treinarão
hobby,passatempo,noun,My hobby.,O meu passatempo.,,,
interest,interesse,noun,My interest.,O meu interesse.,,,
activity,atividade,noun,Fun activity.,Atividade divertida.,,,
hobby,hobby,noun,I have a hobby.,Eu tenho um hobby.,,,
to collect,colecionar,verb-regular,I collect stamps.,Eu coleciono selos.,coleciono|colecionas|coleciona|colecionamos|colecionais|colecionam,colecionei|colecionaste|colecionou|colecionamos,colecionastes|colecionaram,colecionava|colecionavas|colecionava|colecionávamos|colecionáveis|colecionavam,colecionarei|colecionarás|colecionará|colecionaremos|colecionareis|colecionarão
stamp,selo,noun,Postage stamp.,Selo postal.,,,
coin,moeda,noun,Old coin.,Moeda antiga.,,,
postcard,postal,noun,I send a postcard.,Eu envio um postal.,,,
photo,foto,noun,I take a photo.,Eu tiro uma foto.,,,
camera,câmara,noun,Digital camera.,Câmara digital.,,,
video,vídeo,noun,I watch a video.,Eu vejo um vídeo.,,,
to photograph,fotografar,verb-regular,I photograph landscapes.,Eu fotografo paisagens.,fotografo|fotografas|fotografa|fotografamos|fotografais|fotografam,fotografei|fotografaste|fotografou|fotografamos|fotografastes|fotografaram,fotografava|fotografavas|fotografava|fotografávamos|fotografáveis|fotografavam,fotografarei|fotografarás|fotografará|fotografaremos|fotografareis|fotografarão
to film,filmar,verb-regular,I film videos.,Eu filmo vídeos.,filmo|filmas|filma|filmamos|filmais|filmam,filmei|filmaste|filmou|filmamos|filmastes|filmaram,filmava|filmavas|filmava|filmávamos|filmáveis|filmavam,filmarei|filmarás|filmará|filmaremos|filmareis|filmarão
cinema,cinema,noun,I go to the cinema.,Eu vou ao cinema.,,,
theater,teatro,noun,I go to the theater.,Eu vou ao teatro.,,,
concert,concerto,noun,Rock concert.,Concerto de rock.,,,
show,espetáculo,noun,Great show.,Grande espetáculo.,,,
performance,atuação,noun,Good performance.,Boa atuação.,,,
exhibition,exposição,noun,Art exhibition.,Exposição de arte.,,,
festival,festival,noun,Music festival.,Festival de música.,,,
ticket,bilhete,noun,Concert ticket.,Bilhete de concerto.,,,
seat,lugar,noun,Reserved seat.,Lugar reservado.,,,
screen,ecrã,noun,Big screen.,Ecrã grande.,,,
stage,palco,noun,The stage is big.,O palco é grande.,,,
audience,público,noun,Large audience.,Público grande.,,,
applause,aplauso,noun,Loud applause.,Aplauso alto.,,,
to applaud,aplaudir,verb-irregular,I applaud.,Eu aplaudo.,aplaudo|aplaudes|aplaude|aplaudimos|aplaudis|aplaudem,aplaudi|aplaudiste|aplaudiu|aplaudimos|aplaudistes|aplaudiram,aplaudia|aplaudias|aplaudia|aplaudíamos|aplaudíeis|aplaudiam,aplaudirei|aplaudirás|aplaudirá|aplaudiremos|aplaudireis|applaudirão
to clap,bater palmas,verb-regular,I clap.,Eu bato palmas.,bato|bates|bate|batemos|bateis|batem,bati|bateste|bateu|batemos|batestes|bateram,batia|batias|batia|batíamos|batíeis|batiam,baterei|baterás|baterá|bateremos|batereis|baterão
novel,romance,noun,I read a novel.,Eu leio um romance.,,,
story,história,noun,Short story.,História curta.,,,
poem,poema,noun,Beautiful poem.,Poema bonito.,,,
poet,poeta,noun,Famous poet.,Poeta famoso.,,,
chapter,capítulo,noun,First chapter.,Primeiro capítulo.,,,
page,página,noun,Last page.,Última página.,,,
line,linha,noun,Read this line.,Lê esta linha.,,,
paragraph,parágrafo,noun,First paragraph.,Primeiro parágrafo.,,,
sentence,frase,noun,Complete sentence.,Frase completa.,,,
title,título,noun,Book title.,Título do livro.,,,
author,autor,noun,Famous author.,Autor famoso.,,,
to publish,publicar,verb-regular,I publish books.,Eu publico livros.,publico|publicas|publica|publicamos|publicais|publicam,publiquei|publicaste|publicou|publicamos|publicastes|publicaram,publicava|publicavas|publicava|publicávamos|publicáveis|publicavam,publicarei|publicarás|publicará|publicaremos|publicareis|publicarão
weather,tempo,noun,Good weather.,Bom tempo.,,,
climate,clima,noun,Hot climate.,Clima quente.,,,
season,estação,noun,Favorite season.,Estação favorita.,,,
temperature,temperatura,noun,High temperature.,Temperatura alta.,,,
degree,grau,noun,Twenty degrees.,Vinte graus.,,,
warm,quente,adjective,Warm day.,Dia quente.,,,
cool,fresco,adjective,Cool evening.,Noite fresca.,,,
sunny,soalheiro,adjective,Sunny day.,Dia soalheiro.,,,
cloudy,nublado,adjective,Cloudy sky.,Céu nublado.,,,
rainy,chuvoso,adjective,Rainy day.,Dia chuvoso.,,,
stormy,tempestuoso,adjective,Stormy night.,Noite tempestuosa.,,,
foggy,nebul oso,adjective,Foggy morning.,Manhã nebulosa.,,,
windy,ventoso,adjective,Windy day.,Dia ventoso.,,,
humid,húmido,adjective,Humid air.,Ar húmido.,,,
dry,seco,adjective,Dry climate.,Clima seco.,,,
storm,tempestade,noun,Strong storm.,Tempestade forte.,,,
thunder,trovão,noun,Loud thunder.,Trovão alto.,,,
lightning,relâmpago,noun,Bright lightning.,Relâmpago brilhante.,,,
fog,nevoeiro,noun,Thick fog.,Nevoeiro espesso.,,,
ice,gelo,noun,Frozen ice.,Gelo congelado.,,,
frost,geada,noun,Morning frost.,Geada matinal.,,,
hail,granizo,noun,Large hail.,Granizo grande.,,,
rainbow,arco-íris,noun,Beautiful rainbow.,Arco-íris bonito.,,,
shade,sombra,noun,Under the shade.,À sombra.,,,
shadow,sombra,noun,Long shadow.,Sombra comprida.,,,
metal,metal,noun,Hard metal.,Metal duro.,,,
wood,madeira,noun,Strong wood.,Madeira forte.,,,
plastic,plástico,noun,Plastic bag.,Saco de plástico.,,,
glass,vidro,noun,Broken glass.,Vidro partido.,,,
stone,pedra,noun,Heavy stone.,Pedra pesada.,,,
rock,rocha,noun,Big rock.,Rocha grande.,,,
sand,areia,noun,White sand.,Areia branca.,,,
mud,lama,noun,Dirty mud.,Lama suja.,,,
dust,pó,noun,Fine dust.,Pó fino.,,,
dirt,sujidade,noun,Remove the dirt.,Remove a sujidade.,,,
leather,couro,noun,Leather jacket.,Casaco de couro.,,,
fabric,tecido,noun,Soft fabric.,Tecido macio.,,,
cloth,pano,noun,Clean cloth.,Pano limpo.,,,
silk,seda,noun,Pure silk.,Seda pura.,,,
wool,lã,noun,Warm wool.,Lã quente.,,,
cotton,algodão,noun,Cotton shirt.,Camisa de algodão.,,,
thread,fio,noun,Thin thread.,Fio fino.,,,
rope,corda,noun,Strong rope.,Corda forte.,,,
chain,corrente,noun,Metal chain.,Corrente de metal.,,,
wire,arame,noun,Thin wire.,Arame fino.,,,
nail,prego,noun,Metal nail.,Prego de metal.,,,
screw,parafuso,noun,Small screw.,Parafuso pequeno.,,,
hammer,martelo,noun,Heavy hammer.,Martelo pesado.,,,
saw,serra,noun,Sharp saw.,Serra afiada.,,,
drill,berbequim,noun,Electric drill.,Berbequim elétrico.,,,
tool,ferramenta,noun,Useful tool.,Ferramenta útil.,,,
machine,máquina,noun,Modern machine.,Máquina moderna.,,,
engine,motor,noun,Powerful engine.,Motor potente.,,,
wheel,roda,noun,Round wheel.,Roda redonda.,,,
tire,pneu,noun,Flat tire.,Pneu furado.,,,
brake,travão,noun,Good brakes.,Bons travões.,,,
steering wheel,volante,noun,Turn the steering wheel.,Vira o volante.,,,
horn,buzina,noun,Press the horn.,Carrega na buzina.,,,
seatbelt,cinto de segurança,noun,Fasten your seatbelt.,Aperta o cinto de segurança.,,,
fuel,combustível,noun,I need fuel.,Eu preciso de combustível.,,,
gas,gasolina,noun,Expensive gas.,Gasolina cara.,,,
oil,óleo,noun,Engine oil.,Óleo do motor.,,,
battery,bateria,noun,Dead battery.,Bateria descarregada.,,,
electricity,eletricidade,noun,Electric power.,Energia elétrica.,,,
power,energia,noun,Solar power.,Energia solar.,,,
light,luz,noun,Bright light.,Luz brilhante.,,,
lamp,lâmpada,noun,LED lamp.,Lâmpada LED.,,,
switch,interruptor,noun,Light switch.,Interruptor de luz.,,,
plug,tomada,noun,Electric plug.,Tomada elétrica.,,,
socket,tomada,noun,Wall socket.,Tomada de parede.,,,
cable,cabo,noun,Electric cable.,Cabo elétrico.,,,
charger,carregador,noun,Phone charger.,Carregador de telemóvel.,,,
screen,ecrã,noun,Computer screen.,Ecrã de computador.,,,
keyboard,teclado,noun,Wireless keyboard.,Teclado sem fios.,,,
mouse,rato,noun,Computer mouse.,Rato de computador.,,,
printer,impressora,noun,Laser printer.,Impressora a laser.,,,
scanner,scanner,noun,Document scanner.,Scanner de documentos.,,,
USB,USB,noun,USB stick.,Pen USB.,,,
file,ficheiro,noun,PDF file.,Ficheiro PDF.,,,
folder,pasta,noun,Create a folder.,Cria uma pasta.,,,
password,palavra-passe,noun,Strong password.,Palavra-passe forte.,,,
username,nome de utilizador,noun,My username.,O meu nome de utilizador.,,,
account,conta,noun,Bank account.,Conta bancária.,,,
profile,perfil,noun,User profile.,Perfil de utilizador.,,,
setting,definição,noun,Change settings.,Muda as definições.,,,
application,aplicação,noun,Mobile app.,Aplicação móvel.,,,
app,aplicação,noun,I download an app.,Eu descarrego uma aplicação.,,,
program,programa,noun,Computer program.,Programa de computador.,,,
software,software,noun,New software.,Software novo.,,,
hardware,hardware,noun,Computer hardware.,Hardware de computador.,,,
system,sistema,noun,Operating system.,Sistema operativo.,,,
network,rede,noun,Wi-Fi network.,Rede Wi-Fi.,,,
connection,ligação,noun,Internet connection.,Ligação à internet.,,,
signal,sinal,noun,Strong signal.,Sinal forte.,,,
download,transferência,noun,File download.,Transferência de ficheiro.,,,
upload,carregamento,noun,Photo upload.,Carregamento de foto.,,,
to download,descarregar,verb-regular,I download music.,Eu descarrego música.,descarrego|descarregas|descarrega|descarregamos|descarregais|descarregam,descarreguei|descarregaste|descarregou|descarregamos|descarregastes|descarregaram,descarregava|descarregavas|descarregava|descarregávamos|descarregáveis|descarregavam,descarregarei|descarregarás|descarregará|descarregaremos|descarregareis|descarregarão
to upload,carregar,verb-regular,I upload photos.,Eu carrego fotos.,carrego|carregas|carrega|carregamos|carregais|carregam,carreguei|carregaste|carregou|carregamos|carregastes|carregaram,carregava|carregavas|carregava|carregávamos|carregáveis|carregavam,carregarei|carregarás|carregará|carregaremos|carregareis|carregarão
to click,clicar,verb-regular,Click here.,Clica aqui.,clico|clicas|clica|clicamos|clicais|clicam,cliquei|clicaste|clicou|clicamos|clicastes|clicaram,clicava|clicavas|clicava|clicávamos|clicáveis|clicavam,clicarei|clicarás|clicará|clicaremos|clicareis|clicarão
to type,escrever,verb-regular,I type fast.,Eu escrevo rápido.,escrevo|escreves|escreve|escrevemos|escreveis|escrevem,escrevi|escreveste|escreveu|escrevemos|escrevestes|escreveram,escrevia|escrevias|escrevia|escrevíamos|escrevíeis|escreviam,escreverei|escreverás|escreverá|escreveremos|escrevereis|escreverão
to search,procurar,verb-regular,I search online.,Eu procuro online.,procuro|procuras|procura|procuramos|procurais|procuram,procurei|procuraste|procurou|procuramos|procurastes|procuraram,procurava|procuravas|procurava|procurávamos|procuráveis|procuravam,procurarei|procurarás|procurará|procuraremos|procurareis|procurarão
to browse,navegar,verb-regular,I browse the internet.,Eu navego na internet.,navego|navegas|navega|navegamos|navegais|navegam,naveguei|navegaste|navegou|navegamos|navegastes|navegaram,navegava|navegavas|navegava|navegávamos|navegáveis|navegavam,navegarei|navegarás|navegará|navegaremos|navegareis|navegarão
website,site,noun,I visit the website.,Eu visito o site.,,,
page,página,noun,Web page.,Página web.,,,
link,ligação,noun,Click the link.,Clica na ligação.,,,
button,botão,noun,Press the button.,Carrega no botão.,,,
icon,ícone,noun,Desktop icon.,Ícone do ambiente de trabalho.,,,
menu,menu,noun,Drop-down menu.,Menu suspenso.,,,
window,janela,noun,Browser window.,Janela do navegador.,,,
tab,separador,noun,New tab.,Novo separador.,,,
search,pesquisa,noun,Google search.,Pesquisa no Google.,,,
result,resultado,noun,Search result.,Resultado de pesquisa.,,,
information,informação,noun,Useful information.,Informação útil.,,,
data,dados,noun,Personal data.,Dados pessoais.,,,
message,mensagem,noun,Text message.,Mensagem de texto.,,,
text,texto,noun,I send a text.,Eu envio um texto.,,,
chat,conversa,noun,Online chat.,Conversa online.,,,
call,chamada,noun,Phone call.,Chamada telefónica.,,,
video call,videochamada,noun,I make a video call.,Eu faço uma videochamada.,,,
to call,ligar,verb-regular,I call you.,Eu ligo-te.,ligo|ligas|liga|ligamos|ligais|ligam,liguei|ligaste|ligou|ligamos|ligastes|ligaram,ligava|ligavas|ligava|ligávamos|ligáveis|ligavam,ligarei|ligarás|ligará|ligaremos|ligareis|ligarão
to text,enviar mensagem,verb-regular,I text you.,Eu envio-te uma mensagem.,envio|envias|envia|enviamos|enviais|enviam,enviei|enviaste|enviou|enviamos|enviastes|enviaram,enviava|enviavas|enviava,enviávamos|enviáveis|enviavam,enviarei|enviarás|enviará|enviaremos|enviareis|enviarão
to chat,conversar,verb-regular,I chat with friends.,Eu converso com amigos.,converso|conversas|conversa|conversamos|conversais|conversam,conversei|conversaste|conversou|conversamos|conversastes|conversaram,conversava|conversavas|conversava|conversávamos|conversáveis|conversavam,conversarei|conversarás|conversará|conversaremos|conversareis|conversarão
social media,redes sociais,noun,I use social media.,Eu uso redes sociais.,,,
follower,seguidor,noun,I have followers.,Eu tenho seguidores.,,,
to follow,seguir,verb-irregular,I follow you.,Eu sigo-te.,sigo|segues|segue|seguimos|seguis|seguem,segui|seguiste|seguiu|seguimos|seguistes|seguiram,seguia|seguias|seguia|seguíamos|seguíeis|seguiam,seguirei|seguirás|seguirá|seguiremos|seguireis|seguirão
to like,gostar,verb-regular,I like the post.,Eu gosto da publicação.,gosto|gostas|gosta|gostamos|gostais|gostam,gostei|gostaste|gostou|gostamos|gostastes|gostaram,gostava|gostavas|gostava|gostávamos|gostáveis|gostavam,gostarei|gostarás|gostará|gostaremos|gostareis|gostarão
to share,partilhar,verb-regular,I share the photo.,Eu partilho a foto.,partilho|partilhas|partilha|partilhamos|partilhais|partilham,partilhei|partilhaste|partilhou|partilhamos|partilhastes|partilharam,partilhava|partilhavas|partilhava|partilhávamos|partilháveis|partilhavam,partilharei|partilharás|partilhará|partilharemos|partilhareis|partilharão
to comment,comentar,verb-regular,I comment.,Eu comento.,comento|comentas|comenta|comentamos|comentais|comentam,comentei|comentaste|comentou|comentamos|comentastes|comentaram,comentava|comentavas|comentava|comentávamos|comentáveis|comentavam,comentarei|comentarás|comentará|comentaremos|comentareis|comentarão
to post,publicar,verb-regular,I post photos.,Eu publico fotos.,publico|publicas|publica|publicamos|publicais|publicam,publiquei|publicaste|publicou|publicamos|publicastes|publicaram,publicava|publicavas|publicava|publicávamos|publicáveis|publicavam,publicarei|publicarás|publicará|publicaremos|publicareis|publicarão
police station,esquadra,noun,Near the police station.,Perto da esquadra.,,,
fire station,estação de bombeiros,noun,Call the fire station.,Liga para a estação de bombeiros.,,,
town hall,câmara municipal,noun,At town hall.,Na câmara municipal.,,,
embassy,embaixada,noun,Portuguese embassy.,Embaixada portuguesa.,,,
consulate,consulado,noun,I visit the consulate.,Eu visito o consulado.,,,
government,governo,noun,National government.,Governo nacional.,,,
parliament,parlamento,noun,The parliament votes.,O parlamento vota.,,,
law,lei,noun,New law.,Nova lei.,,,
rule,regra,noun,Follow the rules.,Segue as regras.,,,
right,direito,noun,Human rights.,Direitos humanos.,,,
duty,dever,noun,My duty.,O meu dever.,,,
responsibility,responsabilidade,noun,My responsibility.,A minha responsabilidade.,,,
permission,permissão,noun,I need permission.,Eu preciso de permissão.,,,
license,licença,noun,Driving license.,Carta de condução.,,,
permit,autorização,noun,Work permit.,Autorização de trabalho.,,,
fine,multa,noun,Parking fine.,Multa de estacionamento.,,,
tax,imposto,noun,I pay taxes.,Eu pago impostos.,,,
bill,conta,noun,Electricity bill.,Conta de eletricidade.,,,
invoice,fatura,noun,I receive an invoice.,Eu recebo uma fatura.,,,
receipt,recibo,noun,Keep the receipt.,Guarda o recibo.,,,
change,troco,noun,Keep the change.,Fica com o troco.,,,
cash,dinheiro,noun,I pay in cash.,Eu pago em dinheiro.,,,
card,cartão,noun,Credit card.,Cartão de crédito.,,,
bank card,cartão bancário,noun,I lost my bank card.,Eu perdi o meu cartão bancário.,,,
ATM,multibanco,noun,I use the ATM.,Eu uso o multibanco.,,,
check,cheque,noun,I write a check.,Eu passo um cheque.,,,
deposit,depósito,noun,Bank deposit.,Depósito bancário.,,,
withdrawal,levantamento,noun,Cash withdrawal.,Levantamento de dinheiro.,,,
transfer,transferência,noun,Bank transfer.,Transferência bancária.,,,
loan,empréstimo,noun,I request a loan.,Eu peço um empréstimo.,,,
debt,dívida,noun,I pay my debts.,Eu pago as minhas dívidas.,,,
interest,juro,noun,High interest.,Juros altos.,,,
profit,lucro,noun,Good profit.,Bom lucro.,,,
loss,perda,noun,Financial loss.,Perda financeira.,,,
income,rendimento,noun,Monthly income.,Rendimento mensal.,,,
expense,despesa,noun,Monthly expenses.,Despesas mensais.,,,
budget,orçamento,noun,Family budget.,Orçamento familiar.,,,
price,preço,noun,Fair price.,Preço justo.,,,
cost,custo,noun,Low cost.,Custo baixo.,,,
value,valor,noun,High value.,Valor alto.,,,
worth,valor,noun,It's worth it.,Vale a pena.,,,
cheap,barato,adjective,Cheap price.,Preço barato.,,,
expensive,caro,adjective,Expensive car.,Carro caro.,,,
free,gratuito,adjective,Free service.,Serviço gratuito.,,,
discount,desconto,noun,I get a discount.,Eu tenho desconto.,,,
sale,saldo,noun,On sale.,Em saldo.,,,
offer,oferta,noun,Special offer.,Oferta especial.,,,
deal,negócio,noun,Good deal.,Bom negócio.,,,
bargain,pechincha,noun,That's a bargain.,É uma pechincha.,,,
shopping,compras,noun,I go shopping.,Eu vou às compras.,,,
purchase,compra,noun,Good purchase.,Boa compra.,,,
buyer,comprador,noun,The buyer pays.,O comprador paga.,,,
seller,vendedor,noun,The seller sells.,O vendedor vende.,,,
shopkeeper,lojista,noun,The shopkeeper helps.,O lojista ajuda.,,,
cashier,caixa,noun,At the cashier.,Na caixa.,,,
counter,balcão,noun,At the counter.,No balcão.,,,
shelf,prateleira,noun,On the shelf.,Na prateleira.,,,
aisle,corredor,noun,Supermarket aisle.,Corredor de supermercado.,,,
basket,cesto,noun,Shopping basket.,Cesto de compras.,,,
trolley,carrinho,noun,Shopping trolley.,Carrinho de compras.,,,
queue,fila,noun,I wait in queue.,Eu espero na fila.,,,
line,fila,noun,Long line.,Fila comprida.,,,
to queue,fazer fila,verb-regular,I queue.,Eu faço fila.,faço|fazes|faz|fazemos|fazeis|fazem,fiz|fizeste|fez|fizemos|fizestes|fizeram,fazia|fazias|fazia|fazíamos|fazíeis|faziam,farei|farás|fará|faremos|fareis|farão
turn,vez,noun,My turn.,A minha vez.,,,
appointment,marcação,noun,I make an appointment.,Eu marco uma consulta.,,,
time,tempo,noun,What time?,A que horas?,,,
schedule,horário,noun,Work schedule.,Horário de trabalho.,,,
timetable,horário,noun,Train timetable.,Horário dos comboios.,,,
calendar,calendário,noun,Wall calendar.,Calendário de parede.,,,
date,data,noun,Today's date.,A data de hoje.,,,
age,idade,noun,How old?,Que idade?,,,
young,novo,adjective,I'm young.,Eu sou novo.,,,
old,velho,adjective,He's old.,Ele é velho.,,,
adult,adulto,noun,I'm an adult.,Eu sou adulto.,,,
teenager,adolescente,noun,He's a teenager.,Ele é adolescente.,,,
baby,bebé,noun,Cute baby.,Bebé fofo.,,,
infant,bebé,noun,Small infant.,Bebé pequeno.,,,
grandchild,neto,noun,My grandchild.,O meu neto.,,,
grandfather,avô,noun,My grandfather.,O meu avô.,,,
grandmother,avó,noun,My grandmother.,A minha avó.,,,
grandparents,avós,noun,I visit my grandparents.,Eu visito os meus avós.,,,
uncle,tio,noun,My uncle.,O meu tio.,,,
aunt,tia,noun,My aunt.,A minha tia.,,,
cousin,primo,noun,My cousin.,O meu primo.,,,
nephew,sobrinho,noun,My nephew.,O meu sobrinho.,,,
niece,sobrinha,noun,My niece.,A minha sobrinha.,,,
husband,marido,noun,My husband.,O meu marido.,,,
wife,mulher,noun,My wife.,A minha mulher.,,,
spouse,cônjuge,noun,My spouse.,O meu cônjuge.,,,
partner,parceiro,noun,My partner.,O meu parceiro.,,,
boyfriend,namorado,noun,My boyfriend.,O meu namorado.,,,
girlfriend,namorada,noun,My girlfriend.,A minha namorada.,,,
fiancé,noivo,noun,My fiancé.,O meu noivo.,,,
fiancée,noiva,noun,My fiancée.,A minha noiva.,,,
couple,casal,noun,Happy couple.,Casal feliz.,,,
marriage,casamento,noun,Happy marriage.,Casamento feliz.,,,
wedding,casamento,noun,Wedding party.,Festa de casamento.,,,
divorce,divórcio,noun,They divorce.,Eles divorciam-se.,,,
to marry,casar,verb-regular,I marry you.,Eu caso contigo.,caso|casas|casa|casamos|casais|casam,casei|casaste|casou|casamos|casastes|casaram,casava|casavas|casava|casávamos|casáveis|casavam,casarei|casarás|casará|casaremos|casareis|casarão
to divorce,divorciar-se,verb-regular,They divorce.,Eles divorciam-se.,divorcio|divorcias|divorcia|divorciamos|divorciais|divorciam,divorciei|divorciaste|divorciou|divorciamos|divorciastes|divorciaram,divorciava|divorciavas|divorciava|divorciávamos|divorciáveis|divorciavam,divorciarei|divorciarás|divorciará|divorciaremos|divorciareis|divorciarão
single,solteiro,adjective,I'm single.,Eu sou solteiro.,,,
married,casado,adjective,I'm married.,Eu sou casado.,,,
divorced,divorciado,adjective,He's divorced.,Ele é divorciado.,,,
widow,viúva,noun,She is a widow.,Ela é viúva.,,,
widower,viúvo,noun,He is a widower.,Ele é viúvo.,,,
orphan,órfão,noun,He is an orphan.,Ele é órfão.,,,
relative,parente,noun,My relative.,O meu parente.,,,
relation,familiar,noun,Close relation.,Familiar próximo.,,,
neighbor,vizinho,noun,My neighbor.,O meu vizinho.,,,
stranger,estranho,noun,A stranger.,Um estranho.,,,
acquaintance,conhecido,noun,An acquaintance.,Um conhecido.,,,
enemy,inimigo,noun,My enemy.,O meu inimigo.,,,
lover,amante,noun,Her lover.,O amante dela.,,,
relationship,relação,noun,Good relationship.,Boa relação.,,,
friendship,amizade,noun,True friendship.,Amizade verdadeira.,,,
love,amor,noun,True love.,Amor verdadeiro.,,,
hate,ódio,noun,Full of hate.,Cheio de ódio.,,,
to hate,odiar,verb-regular,I hate this.,Eu odeio isto.,odeio|odeias|odeia|odiamos|odiais|odeiam,odiei|odiaste|odiou|odiamos|odiastes|odiaram,odiava|odiavas|odiava|odiávamos|odiáveis|odiavam,odiarei|odiarás|odiará|odiaremos|odiareis|odiarão
to kiss,beijar,verb-regular,I kiss you.,Eu beijo-te.,beijo|beijas|beija|beijamos|beijais|beijam,beijei|beijaste|beijou|beijamos|beijastes|beijaram,beijava|beijavas|beijava|beijávamos|beijáveis|beijavam,beijarei|beijarás|beijará|beijaremos|beijareis|beijarão
to hug,abraçar,verb-regular,I hug you.,Eu abraço-te.,abraço|abraças|abraça|abraçamos|abraçais|abraçam,abracei|abraçaste|abraçou|abraçamos|abraçastes|abraçaram,abraçava|abraçavas|abraçava|abraçávamos|abraçáveis|abraçavam,abraçarei|abraçarás|abraçará|abraçaremos|abraçareis|abraçarão
kiss,beijo,noun,A kiss.,Um beijo.,,,
hug,abraço,noun,A hug.,Um abraço.,,,
smile,sorriso,noun,Beautiful smile.,Sorriso bonito.,,,
tear,lágrima,noun,Shed tears.,Derramar lágrimas.,,,
joy,alegria,noun,Great joy.,Grande alegria.,,,
happiness,felicidade,noun,True happiness.,Felicidade verdadeira.,,,
sadness,tristeza,noun,Deep sadness.,Tristeza profunda.,,,
anger,raiva,noun,Full of anger.,Cheio de raiva.,,,
fear,medo,noun,I have fear.,Eu tenho medo.,,,
hope,esperança,noun,I have hope.,Eu tenho esperança.,,,
wish,desejo,noun,My wish.,O meu desejo.,,,
desire,desejo,noun,Strong desire.,Desejo forte.,,,
dream,sonho,noun,Beautiful dream.,Sonho bonito.,,,
nightmare,pesadelo,noun,Bad nightmare.,Pesadelo mau.,,,
memory,memória,noun,Good memory.,Boa memória.,,,
thought,pensamento,noun,Deep thought.,Pensamento profundo.,,,
feeling,sentimento,noun,Strong feeling.,Sentimento forte.,,,
emotion,emoção,noun,Deep emotion.,Emoção profunda.,,,
sense,sentido,noun,Common sense.,Senso comum.,,,
reason,razão,noun,Good reason.,Boa razão.,,,
mind,mente,noun,Open mind.,Mente aberta.,,,
spirit,espírito,noun,Free spirit.,Espírito livre.,,,
soul,alma,noun,Kind soul.,Alma bondosa.,,,
character,caráter,noun,Strong character.,Caráter forte.,,,
personality,personalidade,noun,Nice personality.,Personalidade agradável.,,,
habit,hábito,noun,Bad habit.,Mau hábito.,,,
custom,costume,noun,Local custom.,Costume local.,,,
tradition,tradição,noun,Old tradition.,Tradição antiga.,,,
culture,cultura,noun,Portuguese culture.,Cultura portuguesa.,,,
society,sociedade,noun,Modern society.,Sociedade moderna.,,,
community,comunidade,noun,Local community.,Comunidade local.,,,
nation,nação,noun,Proud nation.,Nação orgulhosa.,,,
country,país,noun,Beautiful country.,País bonito.,,,
state,estado,noun,European state.,Estado europeu.,,,
city,cidade,noun,Capital city.,Cidade capital.,,,
town,cidade,noun,Small town.,Cidade pequena.,,,
village,aldeia,noun,Quiet village.,Aldeia tranquila.,,,
capital,capital,noun,The capital city.,A cidade capital.,,,
province,província,noun,Northern province.,Província do norte.,,,
region,região,noun,Coastal region.,Região costeira.,,,
area,zona,noun,Residential area.,Zona residencial.,,,
district,distrito,noun,Historic district.,Distrito histórico.,,,
neighborhood,bairro,noun,Quiet neighborhood.,Bairro tranquilo.,,,
suburb,subúrbio,noun,City suburb.,Subúrbio da cidade.,,,
center,centro,noun,City center.,Centro da cidade.,,,
downtown,baixa,noun,I go downtown.,Eu vou à baixa.,,,
uptown,zona alta,noun,In the uptown.,Na zona alta.,,,
countryside,campo,noun,I live in the countryside.,Eu vivo no campo.,,,
nature,natureza,noun,I love nature.,Eu amo a natureza.,,,
environment,ambiente,noun,Clean environment.,Ambiente limpo.,,,
pollution,poluição,noun,Air pollution.,Poluição do ar.,,,
garbage,lixo,noun,Take out the garbage.,Tira o lixo.,,,
trash,lixo,noun,In the trash.,No lixo.,,,
waste,desperdício,noun,Food waste.,Desperdício de alimentos.,,,
recycling,reciclagem,noun,I recycle.,Eu reciclo.,,,
to recycle,reciclar,verb-regular,Recycle plastic.,Recicla plástico.,reciclo|reciclas|recicla|reciclamos|reciclais|reciclam,reciclei|reciclaste|reciclou|reciclamos|reciclastes|reciclaram,reciclava|reciclavas|reciclava|reciclávamos|recicláveis|reciclavam,reciclarei|reciclarás|reciclará|reciclaremos|reciclareis|reciclarão
to pollute,poluir,verb-irregular,Don't pollute.,Não poluas.,poluo|poluis|polui|poluímos|poluís|poluem,poluí|poluíste|poluiu|poluímos|poluístes|poluíram,poluía|poluías|poluía|poluíamos|poluíeis|poluíam,poluirei|poluirás|poluirá|poluiremos|poluireis|poluirão
to protect,proteger,verb-regular,Protect nature.,Protege a natureza.,protejo|proteges|protege|protegemos|protegeis|protegem,protegi|protegeste|protegeu|protegemos|protegestes|protegeram,protegia|protegias|protegia|protegíamos|protegíeis|protegiam,protegerei|protegerás|protegerá|protegeremos|protegereis|protegerão
to save,salvar,verb-regular,Save the planet.,Salva o planeta.,salvo|salvas|salva|salvamos|salvais|salvam,salvei|salvaste|salvou|salvamos|salvastes|salvaram,salvava|salvavas|salvava|salvávamos|salváveis|salvavam,salvarei|salvarás|salvará|salvaremos|salvareis|salvarão
danger,perigo,noun,There's danger.,Há perigo.,,,
dangerous,perigoso,adjective,It's dangerous.,É perigoso.,,,
safe,seguro,adjective,It's safe.,É seguro.,,,
safety,segurança,noun,For your safety.,Para a tua segurança.,,,
security,segurança,noun,Airport security.,Segurança do aeroporto.,,,
risk,risco,noun,High risk.,Risco alto.,,,
threat,ameaça,noun,Serious threat.,Ameaça séria.,,,
warning,aviso,noun,Warning sign.,Sinal de aviso.,,,
alarm,alarme,noun,Fire alarm.,Alarme de incêndio.,,,
emergency,emergência,noun,Emergency exit.,Saída de emergência.,,,
accident,acidente,noun,Car accident.,Acidente de carro.,,,
injury,ferimento,noun,Serious injury.,Ferimento grave.,,,
wound,ferida,noun,Deep wound.,Ferida profunda.,,,
to injure,ferir,verb-irregular,I injure myself.,Eu firo-me.,firo|feres|fere|ferimos|feris|ferem,feri|feriste|feriu|ferimos|feristes|feriram,feria|ferias|feria|feríamos|feríeis|feriam,ferirei|ferirás|ferirá|feriremos|ferireis|ferirão
to wound,ferir,verb-irregular,The bullet wounds.,A bala fere.,firo|feres|fere|ferimos|feris|feremmferi|feriste|feriu|ferimos|feristes|feriram,feria|ferias|feria|feríamos|feríeis|feriam,ferirei|ferirás|ferirá|feriremos|ferireis|ferirão
blood,sangue,noun,There's blood.,Há sangue.,,,
bandage,penso,noun,Apply a bandage.,Aplica um penso.,,,
ambulance,ambulância,noun,Call an ambulance.,Chama uma ambulância.,,,
rescue,resgate,noun,Mountain rescue.,Resgate de montanha.,,,
to rescue,resgatar,verb-regular,I rescue.,Eu resgato.,resgato|resgatas|resgata|resgatamos|resgatais|resgatam,resgatei|resgataste|resgatou|resgatamos|resgatastes|resgataram,resgatava|resgatavas|resgatava|resgatávamos|resgatáveis|resgatavam,resgatarei|resgat arás|resgatará|resgataremos|resgatareis|resgatarão
to escape,escapar,verb-regular,I escape.,Eu escapo.,escapo|escapas|escapa|escapamos|escapais|escapam,escapei|escapaste|escapou|escapamos|escapastes|escaparam,escapava|escapavas|escapava|escapávamos|escapáveis|escapavam,escaparei|escaparás|escapará|escaparemos|escapareis|escaparão
to survive,sobreviver,verb-regular,I survive.,Eu sobrevivo.,sobrevivo|sobrevives|sobrevive|sobrevivemos|sobreviveis|sobrevivem,sobrevivi|sobreviveste|sobreviveu|sobrevivemos|sobrevivestes|sobreviveram,sobrevivia|sobrevivias|sobrevivia|sobrevivíamos|sobrevivíeis|sobreviviam,sobreviverei|sobreviverás|sobreviverá|sobreviveremos|sobrevivereis|sobreviverão
to die,morrer,verb-regular,I don't want to die.,Eu não quero morrer.,morro|morres|morre|morremos|morreis|morrem,morri|morreste|morreu|morremos|morrestes|morreram,morria|morrias|morria|morríamos|morríeis|morriam,morrerei|morrerás|morrerá|morremos|morrereis|morrerão
life,vida,noun,Beautiful life.,Vida bonita.,,,
death,morte,noun,Fear of death.,Medo da morte.,,,
alive,vivo,adjective,I'm alive.,Eu estou vivo.,,,
dead,morto,adjective,He's dead.,Ele está morto.,,,
birth,nascimento,noun,Date of birth.,Data de nascimento.,,,
birthday,aniversário,noun,Happy birthday.,Feliz aniversário.,,,
age,idade,noun,What age?,Que idade?,,,
century,século,noun,21st century.,Século 21.,,,
millennium,milénio,noun,New millennium.,Novo milénio.,,,
era,era,noun,Modern era.,Era moderna.,,,
period,período,noun,Time period.,Período de tempo.,,,
epoch,época,noun,Historical epoch.,Época histórica.,,,
past,passado,noun,In the past.,No passado.,,,
present,presente,noun,At present.,No presente.,,,
future,futuro,noun,In the future.,No futuro.,,,
history,história,noun,World history.,História mundial.,,,
geography,geografia,noun,I study geography.,Eu estudo geografia.,,,
science,ciência,noun,I love science.,Eu amo a ciência.,,,
mathematics,matemática,noun,I study mathematics.,Eu estudo matemática.,,,
physics,física,noun,Quantum physics.,Física quântica.,,,
chemistry,química,noun,Organic chemistry.,Química orgânica.,,,
biology,biologia,noun,Marine biology.,Biologia marinha.,,,
astronomy,astronomia,noun,I study astronomy.,Eu estudo astronomia.,,,
philosophy,filosofia,noun,Greek philosophy.,Filosofia grega.,,,
psychology,psicologia,noun,I study psychology.,Eu estudo psicologia.,,,
sociology,sociologia,noun,Urban sociology.,Sociologia urbana.,,,
economics,economia,noun,Market economics.,Economia de mercado.,,,
politics,política,noun,International politics.,Política internacional.,,,
religion,religião,noun,My religion.,A minha religião.,,,
church,igreja,noun,Catholic church.,Igreja católica.,,,
temple,templo,noun,Buddhist temple.,Templo budista.,,,
mosque,mesquita,noun,Large mosque.,Mesquita grande.,,,
synagogue,sinagoga,noun,Historic synagogue.,Sinagoga histórica.,,,
God,Deus,noun,I believe in God.,Eu acredito em Deus.,,,
god,deus,noun,Greek gods.,Deuses gregos.,,,
goddess,deusa,noun,Roman goddess.,Deusa romana.,,,
angel,anjo,noun,Guardian angel.,Anjo da guarda.,,,
devil,diabo,noun,The devil.,O diabo.,,,
heaven,céu,noun,In heaven.,No céu.,,,
hell,inferno,noun,In hell.,No inferno.,,,
sin,pecado,noun,Mortal sin.,Pecado mortal.,,,
prayer,oração,noun,I say a prayer.,Eu faço uma oração.,,,
to pray,rezar,verb-regular,I pray.,Eu rezo.,rezo|rezas|reza|rezamos|rezais|rezam,rezei|rezaste|rezou|rezamos|rezastes|rezaram,rezava|rezavas|rezava|rezávamos|rezáveis|rezavam,rezarei|rezarás|rezará|rezaremos|rezareis|rezarão
faith,fé,noun,I have faith.,Eu tenho fé.,,,
belief,crença,noun,My belief.,A minha crença.,,,
to believe,acreditar,verb-regular,I believe.,Eu acredito.,acredito|acreditas|acredita|acreditamos|acreditais|acreditam,acreditei|acreditaste|acreditou|acreditamos|acreditastes|acreditaram,acreditava|acreditavas|acreditava|acreditávamos|acreditáveis|acreditavam,acreditarei|acreditarás|acreditará|acreditaremos|acreditareis|acreditarão
miracle,milagre,noun,It's a miracle.,É um milagre.,,,
magic,magia,noun,Black magic.,Magia negra.,,,
witch,bruxa,noun,Evil witch.,Bruxa má.,,,
wizard,feiticeiro,noun,Powerful wizard.,Feiticeiro poderoso.,,,
spell,feitiço,noun,Magic spell.,Feitiço mágico.,,,
fairy,fada,noun,Tooth fairy.,Fada dos dentes.,,,
dragon,dragão,noun,Fire dragon.,Dragão de fogo.,,,
monster,monstro,noun,Scary monster.,Monstro assustador.,,,
ghost,fantasma,noun,I see a ghost.,Eu vejo um fantasma.,,,
vampire,vampiro,noun,Scary vampire.,Vampiro assustador.,,,
zombie,zombie,noun,Walking zombie.,Zombie a andar.,,,
alien,extraterrestre,noun,From outer space.,Do espaço.,,,
robot,robô,noun,Intelligent robot.,Robô inteligente.,,,
space,espaço,noun,Outer space.,Espaço sideral.,,,
planet,planeta,noun,Planet Earth.,Planeta Terra.,,,
earth,terra,noun,Planet Earth.,O planeta Terra.,,,
mars,Marte,noun,The planet Mars.,O planeta Marte.,,,
star,estrela,noun,Bright star.,Estrela brilhante.,,,
galaxy,galáxia,noun,Milky Way galaxy.,Galáxia Via Láctea.,,,
universe,universo,noun,Expanding universe.,Universo em expansão.,,,
satellite,satélite,noun,Communication satellite.,Satélite de comunicação.,,,
rocket,foguete,noun,Space rocket.,Foguete espacial.,,,
spaceship,nave espacial,noun,Flying spaceship.,Nave espacial a voar.,,,
astronaut,astronauta,noun,Brave astronaut.,Astronauta corajoso.,,,
science fiction,ficção científica,noun,I like science fiction.,Eu gosto de ficção científica.,,,
reality,realidade,noun,Face reality.,Enfrenta a realidade.,,,
fantasy,fantasia,noun,Pure fantasy.,Pura fantasia.,,,
imagination,imaginação,noun,Use your imagination.,Usa a tua imaginação.,,,
to imagine,imaginar,verb-regular,I imagine.,Eu imagino.,imagino|imaginas|imagina|imaginamos|imaginais|imaginam,imaginei|imaginaste|imaginou|imaginamos|imaginastes|imaginaram,imaginava|imaginavas|imaginava|imaginávamos|imagináveis|imaginavam,imaginarei|imaginarás|imaginará|imaginaremos|imaginareis|imaginarão
to invent,inventar,verb-regular,I invent.,Eu invento.,invento|inventas|inventa|inventamos|inventais|inventam,inventei|inventaste|inventou|inventamos|inventastes|inventaram,inventava|inventavas|inventava|inventávamos|inventáveis|inventavam,inventarei|inventarás|inventará|inventaremos|inventareis|inventarão
invention,invenção,noun,Great invention.,Grande invenção.,,,
inventor,inventor,noun,Famous inventor.,Inventor famoso.,,,
discovery,descoberta,noun,Important discovery.,Descoberta importante.,,,
to discover,descobrir,verb-irregular,I discover.,Eu descubro.,descubro|descobres|descobre|descobrimos|descobris|descobrem,descobri|descobriste|descobriu|descobrimos|descobristes|descobriram,descobria|descobrias|descobria|descobríamos|descobríeis|descobriam,descobrirei|descobrirás|descobrirá|descobriremos|descobrireis|descobrirão
explorer,explorador,noun,Space explorer.,Explorador espacial.,,,
adventure,aventura,noun,Great adventure.,Grande aventura.,,,
to explore,explorar,verb-regular,I explore.,Eu exploro.,exploro|exploras|explora|exploramos|explorais|exploram,explorei|exploraste|explorou|exploramos|explorastes|exploraram,explorava|exploravas|explorava|explorávamos,exploráveis|exploravam,explorarei|explorarás|explorará|exploraremos|explorareis|explorarão
experience,experiência,noun,Great experience.,Grande experiência.,,,
experiment,experiência,noun,Scientific experiment.,Experiência científica.,,,
to experiment,experimentar,verb-regular,I experiment.,Eu experimento.,experimento|experimentas|experimenta|experimentamos|experimentais|experimentam,experimentei|experimentaste|experimentou|experimentamos|experimentastes|experimentaram,experimentava|experimentavas|experimentava|experimentávamos|experimentáveis|experimentavam,experimentarei|experimentarás|experimentará|experimentaremos|experimentareis|experimentarão
method,método,noun,Scientific method.,Método científico.,,,
system,sistema,noun,Computer system.,Sistema de computador.,,,
theory,teoria,noun,Theory of relativity.,Teoria da relatividade.,,,
practice,prática,noun,Medical practice.,Prática médica.,,,
to practice,praticar,verb-regular,I practice.,Eu pratico.,pratico|praticas|pratica|praticamos|praticais|praticam,pratiquei|praticaste|praticou|praticamos|pricastes|praticaram,praticava|praticavas|praticava|praticávamos|praticáveis|praticavam,praticarei|praticarás|praticará|praticaremos|praticareis|praticarão
research,investigação,noun,Scientific research.,Investigação científica.,,,
to research,investigar,verb-regular,I research.,Eu investigo.,investigo|investigas|investiga|investigamos|investigais|investigam,investiguei|investigaste|investigou|investigamos|investigastes|investigaram,investigava|investigavas|investigava|investigávamos|investigáveis|investigavam,investigarei|investigarás|investigará|investigaremos|investigareis|investigarão
study,estudo,noun,Case study.,Estudo de caso.,,,
result,resultado,noun,Test result.,Resultado do teste.,,,
conclusion,conclusão,noun,Final conclusion.,Conclusão final.,,,
to conclude,concluir,verb-irregular,I conclude.,Eu concluo.,concluo|concluis|conclui|concluímos|concluís|concluem,concluí|concluíste|concluiu|concluímos|concluístes|concluíram,concluía|concluías|concluía|concluíamos|concluíeis|concluíam,concluirei|concluirás|concluirá|concluiremos|concluireis|concluirão
proof,prova,noun,Scientific proof.,Prova científica.,,,
to prove,provar,verb-regular,I prove it.,Eu provo.,provo|provas|prova|provamos|provais|provam,provei|provaste|provou|provamos|provastes|provaram,provava|provavas|provava|provávamos|prováveis|provavam,provarei|provarás|provará|provaremos|provareis|provarão
evidence,evidência,noun,Clear evidence.,Evidência clara.,,,
fact,facto,noun,True fact.,Facto verdadeiro.,,,
truth,verdade,noun,The truth.,A verdade.,,,
lie,mentira,noun,That's a lie.,É mentira.,,,
to lie,mentir,verb-irregular,I don't lie.,Eu não minto.,minto|mentes|mente|mentimos|mentis|mentem,menti|mentiste|mentiu|mentimos|mentistes|mentiram,mentia|mentias|mentia|mentíamos|mentíeis|mentiam,mentirei|mentirás|mentirá|mentiremos|mentireis|mentirão
liar,mentiroso,noun,He's a liar.,Ele é mentiroso.,,,
honest,honesto,adjective,He's honest.,Ele é honesto.,,,
honesty,honestidade,noun,I value honesty.,Eu valorizo a honestidade.,,,
dishonest,desonesto,adjective,He's dishonest.,Ele é desonesto.,,,
trust,confiança,noun,I trust you.,Eu confio em ti.,,,
to trust,confiar,verb-regular,I trust.,Eu confio.,confio|confias|confia|confiamos|confiais|confiam,confiei|confiaste|confiou|confiamos|confiastes|confiaram,confiava|confiavas|confiava|confiávamos|confiáveis|confiavam,confiarei|confiarás|confiará|confiaremos|confiareis|confiarão
doubt,dúvida,noun,I have doubts.,Eu tenho dúvidas.,,,
to doubt,duvidar,verb-regular,I doubt it.,Eu duvido.,duvido|duvidas|duvida|duvidamos|duvidais|duvidam,duvidei|duvidaste|duvidou|duvidamos|duvidastes|duvidaram,duvidava|duvidavas|duvidava|duvidávamos|duvidáveis|duvidavam,duvidarei|duvidarás|duvidará|duvidaremos|duvidareis|duvidarão
certain,certo,adjective,I'm certain.,Eu tenho a certeza.,,,
uncertain,incerto,adjective,I'm uncertain.,Eu estou incerto.,,,
sure,seguro,adjective,I'm sure.,Eu tenho a certeza.,,,
unsure,inseguro,adjective,I'm unsure.,Eu estou inseguro.,,,
confident,confiante,adjective,I'm confident.,Eu estou confiante.,,,
confidence,confiança,noun,Self-confidence.,Autoconfiança.,,,
pride,orgulho,noun,False pride.,Orgulho falso.,,,
shame,vergonha,noun,I feel shame.,Eu sinto vergonha.,,,
guilt,culpa,noun,I feel guilt.,Eu sinto culpa.,,,
innocent,inocente,adjective,He's innocent.,Ele é inocente.,,,
guilty,culpado,adjective,He's guilty.,Ele é culpado.,,,
crime,crime,noun,Serious crime.,Crime grave.,,,
criminal,criminoso,noun,Dangerous criminal.,Criminoso perigoso.,,,
victim,vítima,noun,Crime victim.,Vítima de crime.,,,
witness,testemunha,noun,I'm a witness.,Eu sou testemunha.,,,
to witness,testemunhar,verb-regular,I witness.,Eu testemunho.,testemunho|testemunhas|testemunha|testemunhamos|testemunhais|testemunham,testemunhei|testemunhaste|testemunhou|testemunhamos|testemunhastes|testemunharam,testemunhava|testemunhavas|testemunhava|testemunhávamos|testemunháveis|testemunhavam,testemunharei|testemunharás|testemunhará|testemunharemos|testemunhareis|testemunharão
trial,julgamento,noun,Fair trial.,Julgamento justo.,,,
to judge,julgar,verb-regular,I judge.,Eu julgo.,julgo|julgas|julga|julgamos|julgais|julgam,julguei|julgaste|julgou|julgamos|julgastes|julgaram,julgava|julgavas|julgava|julgávamos|julgáveis|julgavam,julgarei|julgarás|julgará|julgaremos|julgareis|julgarão
judge,juiz,noun,The judge decides.,O juiz decide.,,,
lawyer,advogado,noun,Defense lawyer.,Advogado de defesa.,,,
court,tribunal,noun,Supreme court.,Tribunal supremo.,,,
sentence,sentença,noun,Prison sentence.,Sentença de prisão.,,,
punishment,castigo,noun,Severe punishment.,Castigo severo.,,,
to punish,castigar,verb-regular,I punish.,Eu castigo.,castigo|castigas|castiga|castigamos|castigais|castigam,castiguei|castigaste|castigou|castigamos,castigastes|castigaram,castigava|castigavas|castigava|castigávamos|castigáveis|castigavam,castigarei|castigarás|castigará|castigaremos|castigareis|castigarão
reward,recompensa,noun,I receive a reward.,Eu recebo uma recompensa.,,,
to reward,recompensar,verb-regular,I reward.,Eu recompenso.,recompenso|recompensas|recompensa|recompensamos|recompensais|recompensam,recompensei|recompensaste,recompensou|recompensamos|recompensastes|recompensaram,recompensava|recompensavas|recompensava|recompensávamos|recompensáveis|recompensavam,recompensarei|recompensarás|recompensará|recompensaremos|recompensareis|recompensarão
prize,prémio,noun,First prize.,Primeiro prémio.,,,
trophy,troféu,noun,Gold trophy.,Troféu de ouro.,,,
medal,medalha,noun,Olympic medal.,Medalha olímpica.,,,
champion,campeão,noun,World champion.,Campeão mundial.,,,
victory,vitória,noun,Great victory.,Grande vitória.,,,
defeat,derrota,noun,Bitter defeat.,Derrota amarga.,,,
to defeat,derrotar,verb-regular,I defeat.,Eu derroto.,derroto|derrotas|derrota|derrotamos|derrotais|derrotam,derrotei|derrotaste|derrotou|derrotamos|derrotastes|derrotaram,derrotava|derrotavas|derrotava|derrotávamos|derrotáveis|derrotavam,derrotarei|derrotarás|derrotará|derrotaremos|derrotareis|derrotarão
battle,batalha,noun,Epic battle.,Batalha épica.,,,
fight,luta,noun,Fair fight.,Luta justa.,,,
to fight,lutar,verb-regular,I fight.,Eu luto.,luto|lutas|luta|lutamos|lutais|lutam,lutei|lutaste|lutou|lutamos|lutastes|lutaram,lutava|lutavas|lutava|lutávamos|lutáveis|lutavam,lutarei|lutarás|lutará|lutaremos|lutareis|lutarão
war,guerra,noun,World war.,Guerra mundial.,,,
peace,paz,noun,World peace.,Paz mundial.,,,
soldier,soldado,noun,Brave soldier.,Soldado corajoso.,,,
army,exército,noun,National army.,Exército nacional.,,,
navy,marinha,noun,Portuguese navy.,Marinha portuguesa.,,,
air force,força aérea,noun,Air force pilot.,Piloto da força aérea.,,,
weapon,arma,noun,Dangerous weapon.,Arma perigosa.,,,
gun,pistola,noun,He has a gun.,Ele tem uma pistola.,,,
rifle,espingarda,noun,Hunting rifle.,Espingarda de caça.,,,
sword,espada,noun,Sharp sword.,Espada afiada.,,,
knife,faca,noun,Kitchen knife.,Faca de cozinha.,,,
bomb,bomba,noun,Nuclear bomb.,Bomba nuclear.,,,
explosion,explosão,noun,Loud explosion.,Explosão alta.,,,
to explode,explodir,verb-irregular,The bomb explodes.,A bomba explode.,expludo|explodes|explode|explodimos|explodis|explodem,explodi|explodiste|explodiu|explodimos|explodistes|explodiram,explodia|explodias|explodia|explodíamos|explodíeis|explodiam,explodirei|explodirás|explodirá|explodiremos|explodireis|explodirão
attack,ataque,noun,Surprise attack.,Ataque surpresa.,,,
to attack,atacar,verb-regular,I attack.,Eu ataco.,ataco|atacas|ataca|atacamos|atacais|atacam,ataquei|atacaste|atacou|atacamos|atacastes|atacaram,atacava|atacavas|atacava|atacávamos|atacáveis|atacavam,atacarei|atacarás|atacará|atacaremos|atacareis|atacarão
defense,defesa,noun,Strong defense.,Defesa forte.,,,
enemy,inimigo,noun,Defeat the enemy.,Derrota o inimigo.,,,
ally,aliado,noun,Trusted ally.,Aliado de confiança.,,,
hero,herói,noun,National hero.,Herói nacional.,,,
courage,coragem,noun,Great courage.,Grande coragem.,,,
coward,cobarde,noun,He's a coward.,Ele é cobarde.,,,
to protect,proteger,verb-regular,I protect you.,Eu protejo-te.,protejo|proteges|protege|protegemos|protegeis|protegem,protegi|protegeste|protegeu|protegemos|protegestes|protegeram,protegia|protegias|protegia|protegíamos|protegíeis|protegiam,protegerei|protegerás|protegerá|protegeremos|protegereis|protegerão
protection,proteção,noun,Need protection.,Precisar de proteção.,,,
to guard,guardar,verb-regular,I guard.,Eu guardo.,guardo|guardas|guarda|guardamos|guardais|guardam,guardei|guardaste|guardou|guardamos|guardastes|guardaram,guardava|guardavas|guardava|guardávamos|guardáveis|guardavam,guardarei|guardarás|guardará|guardaremos|guardareis|guardarão
guard,guarda,noun,Security guard.,Guarda de segurança.,,,
prison,prisão,noun,High security prison.,Prisão de alta segurança.,,,
prisoner,prisioneiro,noun,Political prisoner.,Prisioneiro político.,,,
to arrest,prender,verb-regular,Police arrest criminals.,A polícia prende criminosos.,prendo|prendes|prende|prendemos|prendeis|prendem,prendi|prendeste|prendeu|prendemos|prendestes|prenderam,prendia|prendias|prendia|prendíamos|prendíeis|prendiam,prenderei|prenderás|prenderá|prenderemos|prendereis|prenderão
to release,libertar,verb-regular,I release.,Eu liberto.,liberto|libertas|liberta|libertamos|libertais|libertam,libertei|libertaste|libertou|libertamos|libertastes|libertaram,libertava|libertavas|libertava|libertávamos|libertáveis|libertavam,libertarei|libertarás|libertará|libertaremos|libertareis|libertarão
free,livre,adjective,I'm free.,Eu sou livre.,,,
freedom,liberdade,noun,Personal freedom.,Liberdade pessoal.,,,
liberty,liberdade,noun,Liberty and justice.,Liberdade e justiça.,,,
slave,escravo,noun,African slave.,Escravo africano.,,,
slavery,escravatura,noun,Abolish slavery.,Abolir a escravatura.,,,
master,mestre,noun,Grand master.,Grão-mestre.,,,
servant,criado,noun,Loyal servant.,Criado leal.,,,
to serve,servir,verb-irregular,I serve.,Eu sirvo.,sirvo|serves|serve|servimos|servis|servem,servi|serviste|serviu|servimos|servistes|serviram,servia|servias|servia|servíamos|servíeis|serviam,servirei|servirás|servirá|serviremos|servireis|servirão
service,serviço,noun,Public service.,Serviço público.,,,
to obey,obedecer,verb-regular,I obey.,Eu obedeço.,obedeço|obedeces|obedece|obedecemos|obedeceis|obedecem,obedeci|obedeceste|obedeceu|obedecemos|obedecestes|obedeceram,obedecia|obedecias|obedecia|obedecíamos|obedecíeis|obedeciam,obedecerei|obedecerás|obedecerá|obedeceremos|obedecereis|obedecerão
to disobey,desobedecer,verb-regular,I disobey.,Eu desobedeço.,desobedeço|desobedeces|desobedece,desobedecemos|desobedeceis|desobedecem,desobedeci|desobedeceste|desobedeceu|desobedecemos|desobedecestes|desobedeceram,desobedecia|desobedecias|desobedecia|desobedecíamos|desobedecíeis|desobedeciam,desobedecerei|desobedecerás|desobedecerá|desobedeceremos|desobedecereis|desobedecerão
command,comando,noun,Military command.,Comando militar.,,,
to command,comandar,verb-regular,I command.,Eu comando.,comando|comandas|comanda|comandamos|comandais|comandam,comandei|comandaste|comandou|comandamos|comandastes|comandaram,comandava|comandavas|comandava|comandávamos|comandáveis|comandavam,comandarei|comandarás|comandará|comandaremos|comandareis|comandarão
order,ordem,noun,Military order.,Ordem militar.,,,
to order,ordenar,verb-regular,I order.,Eu ordeno.,ordeno|ordenas|ordena|ordenamos|ordenais|ordenam,ordenei|ordenaste|ordenou|ordenamos|ordenastes|ordenaram,ordenava|ordenavas|ordenava|ordenávamos|ordenáveis|ordenavam,ordenarei|ordenarás|ordenará|ordenaremos|ordenareis|ordenarão
obedient,obediente,adjective,Obedient child.,Criança obediente.,,,
disobedient,desobediente,adjective,Disobedient child.,Criança desobediente.,,,
discipline,disciplina,noun,Military discipline.,Disciplina militar.,,,
to discipline,disciplinar,verb-regular,I discipline.,Eu disciplino.,disciplino|disciplinas|disciplina|disciplinamos|disciplinais|disciplinam,disciplinei|disciplinaste|disciplinou|disciplinamos|disciplinastes|disciplinaram,disciplinava|disciplinavas|disciplinava|disciplinávamos|disciplináveis|disciplinavam,disciplinarei|disciplinarás|disciplinará|disciplinaremos|disciplinareis|disciplinarão
strict,rigoroso,adjective,Strict teacher.,Professor rigoroso.,,,
gentle,gentil,adjective,Gentle person.,Pessoa gentil.,,,
rough,áspero,adjective,Rough surface.,Superfície áspera.,,,
smooth,liso,adjective,Smooth surface.,Superfície lisa.,,,
soft,macio,adjective,Soft pillow.,Almofada macia.,,,
hard,duro,adjective,Hard rock.,Rocha dura.,,,
thick,grosso,adjective,Thick book.,Livro grosso.,,,
thin,fino,adjective,Thin paper.,Papel fino.,,,
wide,largo,adjective,Wide street.,Rua larga.,,,
narrow,estreito,adjective,Narrow street.,Rua estreita.,,,
deep,profundo,adjective,Deep ocean.,Oceano profundo.,,,
shallow,raso,adjective,Shallow water.,Água rasa.,,,
tall,alto,adjective,Tall building.,Edifício alto.,,,
short,baixo,adjective,Short man.,Homem baixo.,,,
long,comprido,adjective,Long road.,Estrada comprida.,,,
brief,breve,adjective,Brief moment.,Momento breve.,,,
heavy,pesado,adjective,Heavy box.,Caixa pesada.,,,
light,leve,adjective,Light bag.,Saco leve.,,,
wet,molhado,adjective,Wet clothes.,Roupa molhada.,,,
dry,seco,adjective,Dry towel.,Toalha seca.,,,
sharp,afiado,adjective,Sharp knife.,Faca afiada.,,,
dull,rombo,adjective,Dull knife.,Faca romba.,,,
bright,brilhante,adjective,Bright light.,Luz brilhante.,,,
dim,fraco,adjective,Dim light.,Luz fraca.,,,
dark,escuro,adjective,Dark room.,Sala escura.,,,
light,claro,adjective,Light color.,Cor clara.,,,
loud,alto,adjective,Loud noise.,Barulho alto.,,,
quiet,silencioso,adjective,Quiet place.,Lugar silencioso.,,,
silent,silencioso,adjective,Silent night.,Noite silenciosa.,,,
noisy,barulhento,adjective,Noisy street.,Rua barulhenta.,,,
noise,barulho,noun,Loud noise.,Barulho alto.,,,
sound,som,noun,Beautiful sound.,Som bonito.,,,
silence,silêncio,noun,Complete silence.,Silêncio completo.,,,
voice,voz,noun,Loud voice.,Voz alta.,,,
to shout,gritar,verb-regular,I shout.,Eu grito.,grito|gritas|grita|gritamos|gritais|gritam,gritei|gritaste|gritou|gritamos|gritastes|gritaram,gritava|gritavas|gritava|gritávamos|gritáveis|gritavam,gritarei|gritarás|gritará|gritaremos|gritareis|gritarão
to whisper,sussurrar,verb-regular,I whisper.,Eu sussurro.,sussurro|sussurras|sussurra|sussurramos|sussurrais|sussurram,sussurrei|sussurraste|sussurrou|sussurramos|sussurrastes|sussurraram,sussurrava|sussurravas|sussurrava|sussurrávamos|sussurráveis|sussurravam,sussurrarei|sussurrarás|sussurrará|sussurraremos|sussurrareis|sussurrarão
to scream,gritar,verb-regular,I scream.,Eu grito.,grito|gritas|grita|gritamos|gritais|gritam,gritei|gritaste|gritou|gritamos|gritastes|gritaram,gritava|gritavas|gritava|gritávamos|gritáveis|gritavam,gritarei|gritarás|gritará|gritaremos|gritareis|gritarão
scream,grito,noun,Loud scream.,Grito alto.,,,
song,canção,noun,Beautiful song.,Canção bonita.,,,
melody,melodia,noun,Sweet melody.,Melodia doce.,,,
rhythm,ritmo,noun,Fast rhythm.,Ritmo rápido.,,,
beat,batida,noun,Strong beat.,Batida forte.,,,
tune,melodia,noun,Catchy tune.,Melodia cativante.,,,
harmony,harmonia,noun,Perfect harmony.,Harmonia perfeita.,,,
to compose,compor,verb-irregular,I compose music.,Eu componho música.,componho|compões|compõe|compomos|compondes|compõem,compus|compuseste|compôs|compusemos|compusestes|compuseram,compunha|compunhas|compunha|compúnhamos|compúnheis|compunham,comporei|comporás|comporá|comporemos|comporeis|comporão
composer,compositor,noun,Famous composer.,Compositor famoso.,,,
orchestra,orquestra,noun,Symphony orchestra.,Orquestra sinfónica.,,,
instrument,instrumento,noun,Musical instrument.,Instrumento musical.,,,
piano,piano,noun,I play piano.,Eu toco piano.,,,
guitar,guitarra,noun,Electric guitar.,Guitarra elétrica.,,,
violin,violino,noun,Classical violin.,Violino clássico.,,,
drum,tambor,noun,I play drums.,Eu toco bateria.,,,
flute,flauta,noun,Silver flute.,Flauta de prata.,,,
trumpet,trompete,noun,Golden trumpet.,Trompete dourado.,,,
saxophone,saxofone,noun,Jazz saxophone.,Saxofone de jazz.,,,
voice,voz,noun,Beautiful voice.,Voz bonita.,,,
to perform,atuar,verb-regular,I perform tonight.,Eu atuo hoje à noite.,atuo|atuas|atua|atuamos|atuais|atuam,atuei|atuaste|atuou|atuamos|atuastes|atuaram,atuava|atuavas|atuava|atuávamos|atuáveis|atuavam,atuarei|atuarás|atuará|atuaremos|atuareis|atuarão
performance,atuação,noun,Great performance.,Grande atuação.,,,
actor,ator,noun,Famous actor.,Ator famoso.,,,
actress,atriz,noun,Talented actress.,Atriz talentosa.,,,
role,papel,noun,Leading role.,Papel principal.,,,
character,personagem,noun,Main character.,Personagem principal.,,,
scene,cena,noun,Final scene.,Cena final.,,,
act,ato,noun,First act.,Primeiro ato.,,,
play,peça,noun,Theater play.,Peça de teatro.,,,
drama,drama,noun,Greek drama.,Drama grego.,,,
comedy,comédia,noun,Funny comedy.,Comédia engraçada.,,,
tragedy,tragédia,noun,Greek tragedy.,Tragédia grega.,,,
script,guião,noun,Movie script.,Guião de filme.,,,
dialogue,diálogo,noun,Natural dialogue.,Diálogo natural.,,,
line,fala,noun,Memorable line.,Fala memorável.,,,
to memorize,memorizar,verb-regular,I memorize.,Eu memorizo.,memorizo|memorizas|memoriza|memorizamos|memorizais|memorizam,memorizei|memorizaste|memorizou|memorizamos|memorizastes|memorizaram,memorizava|memorizavas|memorizava|memorizávamos|memorizáveis|memorizavam,memorizarei|memorizarás|memorizará|memorizaremos|memorizareis|memorizarão
to rehearse,ensaiar,verb-regular,I rehearse.,Eu ensaio.,ensaio|ensaias|ensaia|ensaiamos|ensaiais|ensaiam,ensaiei|ensaiaste|ensaiou|ensaiamos|ensaiastes|ensaiaram,ensaiava|ensaiavas|ensaiava|ensaiávamos|ensaiáveis|ensaiavam,ensaiarei|ensaiarás|ensaiará|ensaiaremos|ensaiareis|ensaiarão
rehearsal,ensaio,noun,Final rehearsal.,Ensaio final.,,,
costume,traje,noun,Historical costume.,Traje histórico.,,,
makeup,maquilhagem,noun,Stage makeup.,Maquilhagem de palco.,,,
wig,peruca,noun,Blonde wig.,Peruca loura.,,,
mask,máscara,noun,Carnival mask.,Máscara de carnaval.,,,
curtain,cortina,noun,Red curtain.,Cortina vermelha.,,,
spotlight,holofote,noun,Bright spotlight.,Holofote brilhante.,,,
microphone,microfone,noun,Wireless microphone.,Microfone sem fios.,,,
speaker,coluna,noun,Loud speaker.,Coluna alta.,,,
amplifier,amplificador,noun,Guitar amplifier.,Amplificador de guitarra.,,,
volume,volume,noun,Turn up the volume.,Aumenta o volume.,,,
recording,gravação,noun,Studio recording.,Gravação de estúdio.,,,
to record,gravar,verb-regular,I record music.,Eu gravo música.,gravo|gravas|grava|gravamos|gravais|gravam,gravei|gravaste|gravou|gravamos|gravastes|gravaram,gravava|gravavas|gravava|gravávamos|graváveis|gravavam,gravarei|gravarás|gravará|gravaremos|gravareis|gravarão
album,álbum,noun,New album.,Álbum novo.,,,
track,faixa,noun,Title track.,Faixa título.,,,
disc,disco,noun,Compact disc.,Disco compacto.,,,
vinyl,vinil,noun,Vinyl record.,Disco de vinil.,,,
cassette,cassete,noun,Audio cassette.,Cassete de áudio.,,,
radio,rádio,noun,FM radio.,Rádio FM.,,,
podcast,podcast,noun,Popular podcast.,Podcast popular.,,,
broadcast,transmissão,noun,Live broadcast.,Transmissão ao vivo.,,,
to broadcast,transmitir,verb-irregular,I broadcast.,Eu transmito.,transmito|transmites|transmite|transmitimos|transmitis|transmitem,transmiti|transmitiste|transmitiu|transmitimos|transmitistes|transmitiram,transmitia|transmitias|transmitia|transmitíamos|transmitíeis|transmitiam,transmitirei|transmitirás|transmitirá|transmitiremos|transmitireis|transmitirão
channel,canal,noun,TV channel.,Canal de TV.,,,
station,estação,noun,Radio station.,Estação de rádio.,,,
frequency,frequência,noun,Radio frequency.,Frequência de rádio.,,,
antenna,antena,noun,TV antenna.,Antena de TV.,,,
satellite,satélite,noun,Satellite TV.,TV satélite.,,,
cable,cabo,noun,Cable TV.,TV cabo.,,,
streaming,streaming,noun,Online streaming.,Streaming online.,,,
to stream,fazer streaming,verb-regular,I stream movies.,Eu faço streaming de filmes.,faço|fazes|faz|fazemos|fazeis|fazem,fiz|fizeste|fez|fizemos|fizestes|fizeram,fazia|fazias|fazia|fazíamos|fazíeis|faziam,farei|farás|fará|faremos|fareis|farão
subscription,subscrição,noun,Monthly subscription.,Subscrição mensal.,,,
to subscribe,subscrever,verb-regular,I subscribe.,Eu subscrevo.,subscrevo|subscreves|subscreve|subscrevemos|subscreveis|subscrevem,subscrevi|subscreveste|subscreveu|subscrevemos|subscrevestes|subscreveram,subscrevia|subscrevias|subscrevia|subscrevíamos|subscrevíeis|subscreviam,subscreverei|subscreverás|subscreverá|subscreveremos|subscrevereis|subscreverão
member,membro,noun,Club member.,Membro do clube.,,,
membership,adesão,noun,Club membership.,Adesão ao clube.,,,
fee,taxa,noun,Membership fee.,Taxa de adesão.,,,
payment,pagamento,noun,Monthly payment.,Pagamento mensal.,,,
credit,crédito,noun,Store credit.,Crédito de loja.,,,
debit,débito,noun,Direct debit.,Débito direto.,,,
balance,saldo,noun,Account balance.,Saldo da conta.,,,
statement,extrato,noun,Bank statement.,Extrato bancário.,,,
transaction,transação,noun,Financial transaction.,Transação financeira.,,,
deposit,depósito,noun,Cash deposit.,Depósito em dinheiro.,,,
withdrawal,levantamento,noun,ATM withdrawal.,Levantamento no multibanco.,,,
to withdraw,levantar,verb-regular,I withdraw money.,Eu levanto dinheiro.,levanto|levantas|levanta|levantamos|levantais|levantam,levantei|levantaste|levantou|levantamos|levantastes|levantaram,levantava|levantavas|levantava|levantávamos|levantáveis|levantavam,levantarei|levantarás|levantará|levantaremos|levantareis|levantarão
to deposit,depositar,verb-regular,I deposit money.,Eu deposito dinheiro.,deposito|depositas|deposita|depositamos|depositais|depositam,depositei|depositaste|depositou|depositamos|depositastes|depositaram,depositava|depositavas|depositava|depositávamos|depositáveis|depositavam,depositarei|depositarás|depositará|depositaremos|depositareis|depositarão
to transfer,transferir,verb-irregular,I transfer money.,Eu transfiro dinheiro.,transfiro|transferes|transfere|transferimos|transferis|transferem,transferi|transferiste|transferiu|transferimos|transferistes|transferiram,transferia|transferias|transferia|transferíamos|transferíeis|transferiam,transferirei|transferirás|transferirá|transferiremos|transferireis|transferirão
account number,número de conta,noun,My account number.,O meu número de conta.,,,
bank branch,agência bancária,noun,Local bank branch.,Agência bancária local.,,,
teller,caixa,noun,Bank teller.,Caixa de banco.,,,
manager,gerente,noun,Bank manager.,Gerente de banco.,,,
clerk,funcionário,noun,Bank clerk.,Funcionário bancário.,,,
signature,assinatura,noun,Your signature.,A tua assinatura.,,,
to sign,assinar,verb-regular,I sign.,Eu assino.,assino|assinas|assina|assinamos|assinais|assinam,assinei|assinaste|assinou|assinamos|assinastes|assinaram,assinava|assinavas|assinava|assinávamos|assináveis|assinavam,assinarei|assinarás|assinará|assinaremos|assinareis|assinarão
stamp,carimbo,noun,Official stamp.,Carimbo oficial.,,,
seal,selo,noun,Wax seal.,Selo de cera.,,,
envelope,envelope,noun,White envelope.,Envelope branco.,,,
address,morada,noun,Home address.,Morada de casa.,,,
zip code,código postal,noun,My zip code.,O meu código postal.,,,
postage,porte,noun,Postage paid.,Porte pago.,,,
to mail,enviar por correio,verb-regular,I mail a letter.,Eu envio uma carta por correio.,envio|envias|envia|enviamos|enviais|enviam,enviei|enviaste|enviou|enviamos|enviastes|enviaram,enviava|enviavas|enviava|enviávamos|enviáveis|enviavam,enviarei|enviarás|enviará|enviaremos|enviareis|enviarão
to deliver,entregar,verb-regular,I deliver packages.,Eu entrego encomendas.,entrego|entregas|entrega|entregamos|entregais|entregam,entreguei|entregaste|entregou|entregamos|entregastes|entregaram,entregava|entregavas|entregava|entregávamos|entregáveis|entregavam,entregarei|entregarás|entregará|entregaremos|entregareis|entregarão
delivery,entrega,noun,Fast delivery.,Entrega rápida.,,,
courier,estafeta,noun,Courier service.,Serviço de estafeta.,,,
shipment,envio,noun,International shipment.,Envio internacional.,,,
cargo,carga,noun,Heavy cargo.,Carga pesada.,,,
freight,frete,noun,Air freight.,Frete aéreo.,,,
customs,alfândega,noun,Pass customs.,Passar a alfândega.,,,
duty,taxa alfandegária,noun,Import duty.,Taxa alfandegária de importação.,,,
tariff,tarifa,noun,Trade tariff.,Tarifa comercial.,,,
import,importação,noun,Import goods.,Importação de bens.,,,
to import,importar,verb-regular,I import.,Eu importo.,importo|importas|importa|importamos|importais|importam,importei|importaste|importou|importamos|importastes|importaram,importava|importavas|importava|importávamos|importáveis|importavam,importarei|importarás|importará|importaremos|importareis|importarão
export,exportação,noun,Export goods.,Exportação de bens.,,,
to export,exportar,verb-regular,I export.,Eu exporto.,exporto|exportas|exporta|exportamos|exportais|exportam,exportei|exportaste|exportou|exportamos|exportastes|exportaram,exportava|exportavas|exportava|exportávamos|exportáveis|exportavam,exportarei|exportarás|exportará|exportaremos|exportareis|exportarão
trade,comércio,noun,International trade.,Comércio internacional.,,,
to trade,comerciar,verb-regular,I trade.,Eu comercio.,comercio|comercias|comercia|comerciamos|comerciais|comerciam,comerciei|comerciaste|comerciou|comerciamos|comerciastes|comerciaram,comerciava|comerciavas|comerciava|comerciávamos|comerciáveis|comerciavam,comerciarei|comerciarás|comerciará|comerciaremos|comerciareis|comerciarão
merchant,comerciante,noun,Wealthy merchant.,Comerciante rico.,,,
trader,negociante,noun,Stock trader.,Negociante de ações.,,,
dealer,revendedor,noun,Car dealer.,Revendedor de carros.,,,
supplier,fornecedor,noun,Main supplier.,Fornecedor principal.,,,
to supply,fornecer,verb-regular,I supply.,Eu forneço.,forneço|forneces|fornece|fornecemos|forneceis|fornecem,forneci|forneceste|forneceu|fornecemos|fornecestes|forneceram,fornecia|fornecias|fornecia|fornecíamos|fornecíeis|forneciam,fornecerei|fornecerás|fornecerá|forneceremos|fornecereis|fornecerão
demand,procura,noun,High demand.,Procura alta.,,,
supply,oferta,noun,Limited supply.,Oferta limitada.,,,
stock,stock,noun,Out of stock.,Sem stock.,,,
inventory,inventário,noun,Full inventory.,Inventário completo.,,,
warehouse,armazém,noun,Storage warehouse.,Armazém de armazenamento.,,,
factory,fábrica,noun,Car factory.,Fábrica de carros.,,,
plant,fábrica,noun,Manufacturing plant.,Fábrica de manufatura.,,,
mill,moinho,noun,Flour mill.,Moinho de farinha.,,,
workshop,oficina,noun,Repair workshop.,Oficina de reparação.,,,
laboratory,laboratório,noun,Science laboratory.,Laboratório de ciências.,,,
office,escritório,noun,Head office.,Escritório principal.,,,
headquarters,sede,noun,Company headquarters.,Sede da empresa.,,,
branch,filial,noun,Bank branch.,Filial do banco.,,,
department,departamento,noun,Sales department.,Departamento de vendas.,,,
division,divisão,noun,Marketing division.,Divisão de marketing.,,,
section,secção,noun,Book section.,Secção de livros.,,,
unit,unidade,noun,Production unit.,Unidade de produção.,,,
team,equipa,noun,Project team.,Equipa de projeto.,,,
staff,pessoal,noun,Office staff.,Pessoal de escritório.,,,
crew,tripulação,noun,Ship crew.,Tripulação do navio.,,,
workforce,mão de obra,noun,Skilled workforce.,Mão de obra qualificada.,,,
labor,trabalho,noun,Manual labor.,Trabalho manual.,,,
shift,turno,noun,Night shift.,Turno da noite.,,,
overtime,horas extra,noun,Work overtime.,Fazer horas extra.,,,
part-time,meio período,adjective,Part-time job.,Trabalho a meio período.,,,
full-time,tempo inteiro,adjective,Full-time job.,Trabalho a tempo inteiro.,,,
temporary,temporário,adjective,Temporary job.,Trabalho temporário.,,,
permanent,permanente,adjective,Permanent job.,Trabalho permanente.,,,
contract,contrato,noun,Employment contract.,Contrato de trabalho.,,,
agreement,acordo,noun,Trade agreement.,Acordo comercial.,,,
deal,negócio,noun,Business deal.,Negócio comercial.,,,
negotiation,negociação,noun,Contract negotiation.,Negociação de contrato.,,,
to negotiate,negociar,verb-regular,I negotiate.,Eu negocio.,negocio|negocias|negocia|negociamos|negociais|negociam,negociei|negociaste|negociou|negociamos|negociastes|negociaram,negociava|negociavas|negociava|negociávamos|negociáveis|negociavam,negociarei|negociarás|negociará|negociaremos|negociareis|negociarão
bargain,negociar,verb-regular,I bargain.,Eu negocio.,negocio|negocias|negocia|negociamos|negociais|negociam,negociei|negociaste|negociou|negociamos|negociastes|negociaram,negociava|negociavas|negociava|negociávamos|negociáveis|negociavam,negociarei|negociarás|negociará|negociaremos|negociareis|negociarão
compromise,compromisso,noun,Reach a compromise.,Chegar a um compromisso.,,,
to compromise,comprometer-se,verb-regular,I compromise.,Eu comprometo-me.,comprometo|comprometes|compromete|comprometemos|comprometeis|comprometem,comprometi|comprometeste|comprometeu|comprometemos|comprometestes|comprometeram,comprometia|comprometias|comprometia|comprometíamos|comprometíeis|comprometiam,comprometerei|comprometerás|comprometerá|comprometeremos|comprometereis|comprometerão
solution,solução,noun,Find a solution.,Encontrar uma solução.,,,
to solve,resolver,verb-regular,I solve problems.,Eu resolvo problemas.,resolvo|resolves|resolve|resolvemos|resolveis|resolvem,resolvi|resolveste|resolveu|resolvemos|resolvestes|resolveram,resolvia|resolvias|resolvia|resolvíamos|resolvíeis|resolviam,resolverei|resolverás|resolverá|resolveremos|resolvereis|resolverão
answer,resposta,noun,Correct answer.,Resposta correta.,,,
question,pergunta,noun,Good question.,Boa pergunta.,,,
issue,questão,noun,Important issue.,Questão importante.,,,
matter,assunto,noun,Personal matter.,Assunto pessoal.,,,
subject,tema,noun,Interesting subject.,Tema interessante.,,,
topic,tópico,noun,Discussion topic.,Tópico de discussão.,,,
discussion,discussão,noun,Group discussion.,Discussão em grupo.,,,
to discuss,discutir,verb-irregular,I discuss.,Eu discuto.,discuto|discutes|discute|discutimos|discutis|discutem,discuti|discutiste|discutiu|discutimos|discutistes|discutiram,discutia|discutias|discutia|discutíamos|discutíeis|discutiam,discutirei|discutirás|discutirá|discutiremos|discutireis|discutirão
argument,argumento,noun,Strong argument.,Argumento forte.,,,
to argue,discutir,verb-irregular,I argue.,Eu discuto.,discuto|discutes|discute|discutimos|discutis|discutem,discuti|discutiste|discutiu|discutimos|discutistes|discutiram,discutia|discutias|discutia|discutíamos|discutíeis|discutiam,discutirei|discutirás|discutirá|discutiremos|discutireis|discutirão
debate,debate,noun,Political debate.,Debate político.,,,
to debate,debater,verb-regular,I debate.,Eu debato.,debato|debates|debate|debatemos|debateis|debatem,debati|debateste|debateu|debatemos|debatestes|debateram,debatia|debatias|debatia|debatíamos|debatíeis|debatiam,debaterei|debaterás|debaterá|debateremos|debatereis|debaterão
conversation,conversa,noun,Interesting conversation.,Conversa interessante.,,,
talk,conversa,noun,We need to talk.,Precisamos de conversar.,,,
to talk,falar,verb-regular,I talk to you.,Eu falo contigo.,falo|falas|fala|falamos|falais|falam,falei|falaste|falou|falamos|falastes|falaram,falava|falavas|falava|falávamos|faláveis|falavam,falarei|falarás|falará|falaremos|falareis|falarão
speech,discurso,noun,Public speech.,Discurso público.,,,
to speak,discursar,verb-regular,I speak publicly.,Eu discurso publicamente.,discurso|discursas|discursa|discursamos|discursais|discursam,discursei|discursaste|discursou|discursamos|discursastes|discursaram,discursava|discursavas|discursava|discursávamos|discursáveis|discursavam,discursarei|discursarás|discursará|discursaremos|discursareis|discursarão
announcement,anúncio,noun,Important announcement.,Anúncio importante.,,,
to announce,anunciar,verb-regular,I announce.,Eu anuncio.,anuncio|anuncias|anuncia|anunciamos|anunciais|anunciam,anunciei|anunciaste|anunciou|anunciamos|anunciastes|anunciaram,anunciava|anunciavas|anunciava|anunciávamos|anunciáveis|anunciavam,anunciarei|anunciarás|anunciará|anunciaremos|anunciareis|anunciarão
news,notícia,noun,Good news.,Boa notícia.,,,
headline,manchete,noun,Front page headline.,Manchete da primeira página.,,,
reporter,repórter,noun,TV reporter.,Repórter de TV.,,,
journalism,jornalismo,noun,Investigative journalism.,Jornalismo de investigação.,,,
press,imprensa,noun,Freedom of the press.,Liberdade de imprensa.,,,
media,meios de comunicação,noun,Social media.,Meios de comunicação social.,,,
coverage,cobertura,noun,News coverage.,Cobertura noticiosa.,,,
to cover,cobrir,verb-irregular,I cover the event.,Eu cubro o evento.,cubro|cobres|cobre|cobrimos|cobris|cobrem,cobri|cobriste|cobriu|cobrimos|cobristes|cobriram,cobria|cobrias|cobria|cobríamos|cobríeis,cobriam,cobrirei|cobrirás|cobrirá|cobriremos|cobrireis|cobrirão
story,história,noun,News story.,História noticiosa.,,,
report,reportagem,noun,Special report.,Reportagem especial.,,,
to report,reportar,verb-regular,I report.,Eu reporto.,reporto|reportas|reporta|reportamos|reportais|reportam,reportei|reportaste|reportou|reportamos|reportastes|reportaram,reportava|reportavas|reportava|reportávamos|reportáveis|reportavam,reportarei|reportarás|reportará|reportaremos|reportareis|reportarão
article,artigo,noun,Newspaper article.,Artigo de jornal.,,,
column,coluna,noun,Opinion column.,Coluna de opinião.,,,
editorial,editorial,noun,Today's editorial.,Editorial de hoje.,,,
advertisement,anúncio,noun,TV advertisement.,Anúncio de TV.,,,
ad,anúncio,noun,Print ad.,Anúncio impresso.,,,
commercial,anúncio comercial,noun,TV commercial.,Anúncio comercial de TV.,,,
to advertise,anunciar,verb-regular,I advertise.,Eu anuncio.,anuncio|anuncias|anuncia|anunciamos|anunciais|anunciam,anunciei|anunciaste|anunciou|anunciamos|anunciastes|anunciaram,anunciava|anunciavas|anunciava|anunciávamos|anunciáveis|anunciavam,anunciarei|anunciarás|anunciará|anunciaremos|anunciareis|anunciarão
advertising,publicidade,noun,Online advertising.,Publicidade online.,,,
marketing,marketing,noun,Digital marketing.,Marketing digital.,,,
to market,comercializar,verb-regular,I market products.,Eu comercializo produtos.,comercializo|comercializas|comercializa|comercializamos|comercializais|comercializam,comercializei|comercializaste|comercializou|comercializamos|comercializastes|comercializaram,comercializava|comercializavas|comercializava|comercializávamos|comercializáveis|comercializavam,comercializarei|comercializarás|comercializará|comercializaremos|comercializareis|comercializarão
campaign,campanha,noun,Marketing campaign.,Campanha de marketing.,,,
brand,marca,noun,Popular brand.,Marca popular.,,,
logo,logótipo,noun,Company logo.,Logótipo da empresa.,,,
slogan,slogan,noun,Catchy slogan.,Slogan cativante.,,,
motto,lema,noun,Company motto.,Lema da empresa.,,,
image,imagem,noun,Brand image.,Imagem de marca.,,,
reputation,reputação,noun,Good reputation.,Boa reputação.,,,
fame,fama,noun,International fame.,Fama internacional.,,,
famous,famoso,adjective,Famous person.,Pessoa famosa.,,,
celebrity,celebridade,noun,TV celebrity.,Celebridade de TV.,,,
star,estrela,noun,Movie star.,Estrela de cinema.,,,
fan,fã,noun,Big fan.,Grande fã.,,,
crowd,multidão,noun,Large crowd.,Multidão grande.,,,
mob,turba,noun,Angry mob.,Turba irritada.,,,
riot,motim,noun,Street riot.,Motim de rua.,,,
to riot,amotinar-se,verb-regular,People riot.,As pessoas amotinam-se.,amotino|amotinas,amotina|amotinamos|amotinais|amotinam,amotinei|amotinaste|amotinou|amotinamos|amotinastes|amotinaram,amotinava|amotinavas|amotinava|amotinávamos|amotináveis|amotinavam,amotinarei|amotinarás|amotinará|amotinaremos|amotinareis|amotinarão
protest,protesto,noun,Peaceful protest.,Protesto pacífico.,,,
to protest,protestar,verb-regular,I protest.,Eu protesto.,protesto|protestas|protesta|protestamos|protestais|protestam,protestei|protestaste|protestou|protestamos|protestastes|protestaram,protestava|protestavas|protestava|protestávamos|protestáveis|protestavam,protestarei|protestarás|protestará|protestaremos|protestareis|protestarão
demonstration,manifestação,noun,Political demonstration.,Manifestação política.,,,
to demonstrate,manifestar,verb-regular,I demonstrate.,Eu manifesto.,manifesto|manifestas|manifesta|manifestamos|manifestais|manifestam,manifestei|manifestaste|manifestou|manifestamos|manifestastes|manifestaram,manifestava|manifestavas|manifestava|manifestávamos|manifestáveis|manifestavam,manifestarei|manifestarás|manifestará|manifestaremos|manifestareis|manifestarão
march,marcha,noun,Protest march.,Marcha de protesto.,,,
to march,marchar,verb-regular,I march.,Eu marcho.,marcho|marchas|marcha|marchamos|marchais|marcham,marchei|marchaste|marchou|marchamos|marchastes|marcharam,marchava|marchavas|marchava|marchávamos|marcháveis|marchavam,marcharei|marcharás|marchará|marcharemos|marchareis|marcharão
strike,greve,noun,General strike.,Greve geral.,,,
to strike,fazer greve,verb-regular,Workers strike.,Os trabalhadores fazem greve.,faço|fazes|faz|fazemos|fazeis|fazem,fiz|fizeste|fez|fizemos|fizestes|fizeram,fazia|fazias|fazia|fazíamos|fazíeis|faziam,farei|farás|fará|faremos|fareis|farão
revolution,revolução,noun,French revolution.,Revolução francesa.,,,
rebellion,rebelião,noun,Armed rebellion.,Rebelião armada.,,,
to rebel,rebelar-se,verb-regular,I rebel.,Eu rebelo-me.,rebelo|rebelas|rebela|rebelamos|rebelais|rebelam,rebelei|rebelaste|rebelou|rebelamos|rebelastes|rebelaram,rebelava|rebelavas|rebelava|rebelávamos|rebeláveis|rebelavam,rebelarei|rebelarás|rebelará|rebelaremos|rebelareis|rebelarão
rebel,rebelde,noun,Young rebel.,Rebelde jovem.,,,
reform,reforma,noun,Political reform.,Reforma política.,,,
to reform,reformar,verb-regular,I reform.,Eu reformo.,reformo|reformas|reforma|reformamos|reformais|reformam,reformei|reformaste|reformou|reformamos|reformastes|reformaram,reformava|reformavas|reformava|reformávamos|reformáveis|reformavam,reformarei|reformarás|reformará|reformaremos|reformareis|reformarão
change,mudança,noun,Social change.,Mudança social.,,,
to change,mudar,verb-regular,I change things.,Eu mudo as coisas.,mudo|mudas|muda|mudamos|mudais|mudam,mudei|mudaste|mudou|mudamos|mudastes|mudaram,mudava|mudavas|mudava|mudávamos|mudáveis|mudavam,mudarei|mudarás|mudará|mudaremos|mudareis|mudarão
transformation,transformação,noun,Complete transformation.,Transformação completa.,,,
to transform,transformar,verb-regular,I transform.,Eu transformo.,transformo|transformas|transforma|transformamos|transformais|transformam,transformei|transformaste|transformou|transformamos|transformastes|transformaram,transformava|transformavas|transformava|transformávamos|transformáveis|transformavam,transformarei|transformarás|transformará|transformaremos|transformareis|transformarão
improvement,melhoria,noun,Significant improvement.,Melhoria significativa.,,,
to improve,melhorar,verb-regular,I improve.,Eu melhoro.,melhoro|melhoras|melhora|melhoramos|melhorais|melhoram,melhorei|melhoraste|melhorou|melhoramos|melhorastes|melhoraram,melhorava|melhoravas|melhorava|melhorávamos|melhoráveis|melhoravam,melhorarei|melhorarás|melhorará|melhoraremos|melhorareis|melhorarão
progress,progresso,noun,Make progress.,Fazer progresso.,,,
to progress,progredir,verb-irregular,I progress.,Eu progrido.,progrido|progrides|progride|progredimos|progredis|progridem,progredi|progrediste|progrediu|progredimos,progredistes|progrediram,progredia|progredias|progredia|progredíamos|progredíeis|progrediam,progredirei|progredirás|progredirá|progrediremos|progredireis|progredirão
development,desenvolvimento,noun,Economic development.,Desenvolvimento económico.,,,
to develop,desenvolver,verb-regular,I develop.,Eu desenvolvo.,desenvolvo|desenvolves|desenvolve|desenvolvemos|desenvolveis|desenvolvem,desenvolvi|desenvolveste|desenvolveu|desenvolvemos|desenvolvestes|desenvolveram,desenvolvia|desenvolvias|desenvolvia|desenvolvíamos|desenvolvíeis|desenvolviam,desenvolverei|desenvolverás|desenvolverá|desenvolveremos|desenvolvereis|desenvolverão
growth,crescimento,noun,Economic growth.,Crescimento económico.,,,
to grow,crescer,verb-regular,The economy grows.,A economia cresce.,cresço|cresces|cresce|crescemos|cresceis|crescem,cresci|cresceste|cresceu|crescemos|crescestes|cresceram,crescia|crescias|crescia|crescíamos|crescíeis|cresciam,crescerei|crescerás|crescerá|cresceremos|crescereis|crescerão
expansion,expansão,noun,Business expansion.,Expansão de negócio.,,,
to expand,expandir,verb-irregular,I expand.,Eu expando.,expando|expandes|expande|expandimos|expandis|expandem,expandi|expandiste|expandiu|expandimos|expandistes|expandiram,expandia|expandias|expandia|expandíamos|expandíeis|expandiam,expandirei|expandirás|expandirá|expandiremos|expandireis|expandirão
increase,aumento,noun,Price increase.,Aumento de preço.,,,
to increase,aumentar,verb-regular,Prices increase.,Os preços aumentam.,aumento|aumentas|aumenta|aumentamos|aumentais|aumentam,aumentei|aumentaste|aumentou|aumentamos|aumentastes|aumentaram,aumentava|aumentavas|aumentava|aumentávamos|aumentáveis|aumentavam,aumentarei|aumentarás|aumentará|aumentaremos|aumentareis|aumentarão
decrease,diminuição,noun,Price decrease.,Diminuição de preço.,,,
to decrease,diminuir,verb-irregular,Prices decrease.,Os preços diminuem.,diminuo|diminuis|diminui|diminuímos|diminuís|diminuem,diminuí|diminuíste|diminuiu|diminuímos|diminuístes|diminuíram,diminuía|diminuías|diminuía|diminuíamos|diminuíeis|diminuíam,diminuirei|diminuirás|diminuirá|diminuiremos|diminuireis|diminuirão
reduction,redução,noun,Cost reduction.,Redução de custos.,,,
to reduce,reduzir,verb-irregular,I reduce costs.,Eu reduzo custos.,reduzo|reduzes|reduz|reduzimos|reduzis|reduzem,reduzi|reduziste|reduziu|reduzimos|reduzistes|reduziram,reduzia|reduzias|reduzia|reduzíamos|reduzíeis|reduziam,reduzirei|reduzirás|reduzirá|reduziremos|reduzireis|reduzirão
decline,declínio,noun,Economic decline.,Declínio económico.,,,
to decline,declinar,verb-regular,Sales decline.,As vendas declinam.,declino|declinas|declina|declinamos|declinais|declinam,declinei|declinaste|declinou|declinamos|declinastes|declinaram,declinava|declinavas|declinava|declinávamos|declináveis|declinavam,declinarei|declinarás|declinará|declinaremos|declinareis|declinarão
fall,queda,noun,Stock market fall.,Queda do mercado de ações.,,,
to fall,cair,verb-irregular,Prices fall.,Os preços caem.,caio|cais|cai|caímos|caís|caem,caí|caíste|caiu|caímos|caístes|caíram,caía|caías|caía|caíamos|caíeis|caíam,cairei|cairás|cairá|cairemos|caireis|cairão
rise,subida,noun,Price rise.,Subida de preço.,,,
to rise,subir,verb-irregular,Prices rise.,Os preços sobem.,subo|sobes|sobe|subimos|subis|sobem,subi|subiste|subiu|subimos|subistes|subiram,subia|subias|subia|subíamos|subíeis|subiam,subirei|subirás|subirá|subiremos|subireis|subirão
boom,expansão,noun,Economic boom.,Expansão económica.,,,
bust,colapso,noun,Economic bust.,Colapso económico.,,,
crisis,crise,noun,Financial crisis.,Crise financeira.,,,
recession,recessão,noun,Economic recession.,Recessão económica.,,,
depression,depressão,noun,Great depression.,Grande depressão.,,,
recovery,recuperação,noun,Economic recovery.,Recuperação económica.,,,
to recover,recuperar,verb-regular,The economy recovers.,A economia recupera.,recupero|recuperas|recupera|recuperamos|recuperais|recuperam,recuperei|recuperaste|recuperou|recuperamos|recuperastes|recuperaram,recuperava|recuperavas|recuperava|recuperávamos|recuperáveis|recuperavam,recuperarei|recuperarás|recuperará|recuperaremos|recuperareis|recuperarão
prosperity,prosperidade,noun,Economic prosperity.,Prosperidade económica.,,,
to prosper,prosperar,verb-regular,Countries prosper.,Os países prosperam.,prospero|prosperas|prospera|prosperamos|prosperais|prosperam,prosperei|prosperaste|prosperou|prosperamos|prosperastes|prosperaram,prosperava|prosperavas|prosperava|prosperávamos|prosperáveis|prosperavam,prosperarei|prosperarás|prosperará|prosperaremos|prosperareis|prosperarão
wealth,riqueza,noun,National wealth.,Riqueza nacional.,,,
wealthy,rico,adjective,Wealthy person.,Pessoa rica.,,,
poverty,pobreza,noun,Extreme poverty.,Pobreza extrema.,,,
poor,pobre,adjective,Poor family.,Família pobre.,,,
inequality,desigualdade,noun,Social inequality.,Desigualdade social.,,,
equality,igualdade,noun,Gender equality.,Igualdade de género.,,,
equal,igual,adjective,Equal rights.,Direitos iguais.,,,
unequal,desigual,adjective,Unequal treatment.,Tratamento desigual.,,,
fair,justo,adjective,Fair decision.,Decisão justa.,,,
unfair,injusto,adjective,Unfair decision.,Decisão injusta.,,,
justice,justiça,noun,Social justice.,Justiça social.,,,
injustice,injustiça,noun,Great injustice.,Grande injustiça.,,,
right,direito,noun,Human right.,Direito humano.,,,
wrong,errado,noun,Right and wrong.,Certo e errado.,,,
good,bem,noun,Common good.,Bem comum.,,,
evil,mal,noun,Fight evil.,Combater o mal.,,,
moral,moral,adjective,Moral values.,Valores morais.,,,
immoral,imoral,adjective,Immoral behavior.,Comportamento imoral.,,,
ethics,ética,noun,Medical ethics.,Ética médica.,,,
ethical,ético,adjective,Ethical decision.,Decisão ética.,,,
unethical,antiético,adjective,Unethical practice.,Prática antiética.,,,
virtue,virtude,noun,Moral virtue.,Virtude moral.,,,
vice,vício,noun,Terrible vice.,Vício terrível.,,,
sin,pecado,noun,Mortal sin.,Pecado mortal.,,,
to sin,pecar,verb-regular,I sin.,Eu peco.,peco|pecas|peca|pecamos|pecais|pecam,pequei|pecaste|pecou|pecamos|pecastes|pecaram,pecava|pecavas|pecava|pecávamos|pecáveis|pecavam,pecarei|pecarás|pecará|pecaremos|pecareis|pecarão
sinner,pecador,noun,Repentant sinner.,Pecador arrependido.,,,
saint,santo,noun,Catholic saint.,Santo católico.,,,
holy,sagrado,adjective,Holy place.,Lugar sagrado.,,,
sacred,sagrado,adjective,Sacred text.,Texto sagrado.,,,
divine,divino,adjective,Divine intervention.,Intervenção divina.,,,
spiritual,espiritual,adjective,Spiritual journey.,Jornada espiritual.,,,
religious,religioso,adjective,Religious belief.,Crença religiosa.,,,
secular,secular,adjective,Secular society.,Sociedade secular.,,,
atheist,ateu,noun,Confirmed atheist.,Ateu confirmado.,,,
believer,crente,noun,True believer.,Verdadeiro crente.,,,
worship,adoração,noun,Place of worship.,Local de adoração.,,,
to worship,adorar,verb-regular,I worship.,Eu adoro.,adoro|adoras|adora|adoramos|adorais|adoram,adorei|adoraste|adorou|adoramos|adorastes|adoraram,adorava|adoravas|adorava|adorávamos|adoráveis|adoravam,adorarei|adorarás|adorará|adoraremos|adorareis|adorarão
ritual,ritual,noun,Religious ritual.,Ritual religioso.,,,
ceremony,cerimónia,noun,Wedding ceremony.,Cerimónia de casamento.,,,
rite,rito,noun,Initiation rite.,Rito de iniciação.,,,
tradition,tradição,noun,Family tradition.,Tradição familiar.,,,
traditional,tradicional,adjective,Traditional costume.,Traje tradicional.,,,
modern,moderno,adjective,Modern technology.,Tecnologia moderna.,,,
ancient,antigo,adjective,Ancient civilization.,Civilização antiga.,,,
medieval,medieval,adjective,Medieval castle.,Castelo medieval.,,,
classical,clássico,adjective,Classical music.,Música clássica.,,,
contemporary,contemporâneo,adjective,Contemporary art.,Arte contemporânea.,,,
current,atual,adjective,Current situation.,Situação atual.,,,
recent,recente,adjective,Recent event.,Evento recente.,,,
past,passado,adjective,Past experience.,Experiência passada.,,,
present,presente,adjective,Present moment.,Momento presente.,,,
future,futuro,adjective,Future plans.,Planos futuros.,,,
forever,para sempre,adverb,Love forever.,Amar para sempre.,,,
eternal,eterno,adjective,Eternal life.,Vida eterna.,,,
temporary,temporário,adjective,Temporary solution.,Solução temporária.,,,
brief,breve,adjective,Brief visit.,Visita breve.,,,
short,curto,adjective,Short time.,Tempo curto.,,,
long,longo,adjective,Long time.,Longo tempo.,,,
duration,duração,noun,Event duration.,Duração do evento.,,,
period,período,noun,Time period.,Período de tempo.,,,
interval,intervalo,noun,Short interval.,Intervalo curto.,,,
pause,pausa,noun,Coffee pause.,Pausa para café.,,,
to pause,pausar,verb-regular,I pause.,Eu pauso.,pauso|pausas|pausa|pausamos|pausais|pausam,pausei|pausaste|pausou|pausamos|pausastes|pausaram,pausava|pausavas|pausava|pausávamos|pausáveis|pausavam,pausarei|pausarás|pausará|pausaremos|pausareis|pausarão
break,pausa,noun,Take a break.,Fazer uma pausa.,,,
to break,partir,verb-irregular,I break.,Eu parto.,parto|partes|parte|partimos|partis|partem,parti|partiste|partiu|partimos|partistes|partiram,partia|partias|partia|partíamos|partíeis|partiam,partirei|partirás|partirá|partiremos|partireis|partirão
rest,descanso,noun,Need rest.,Precisar de descanso.,,,
to rest,descansar,verb-regular,I rest.,Eu descanso.,descanso|descansas|descansa|descansamos|descansais|descansam,descansei|descansaste|descansou|descansamos|descansastes|descansaram,descansava|descansavas|descansava|descansávamos|descansáveis|descansavam,descansarei|descansarás|descansará|descansaremos|descansareis|descansarão
vacation,férias,noun,Summer vacation.,Férias de verão.,,,
holiday,feriado,noun,National holiday.,Feriado nacional.,,,
weekend,fim de semana,noun,Happy weekend.,Bom fim de semana.,,,
weekday,dia de semana,noun,Working weekday.,Dia de semana de trabalho.,,,
weather,tempo,noun,The weather is nice.,O tempo está bom.,,,
rain,chuva,noun,Heavy rain today.,Chuva forte hoje.,,,
sun,sol,noun,The sun is shining.,O sol está a brilhar.,,,
wind,vento,noun,Strong wind blowing.,Vento forte a soprar.,,,
cloud,nuvem,noun,Dark clouds appear.,Nuvens escuras aparecem.,,,
storm,tempestade,noun,Terrible storm coming.,Tempestade terrível a chegar.,,,
snow,neve,noun,White snow falls.,Neve branca cai.,,,
fog,nevoeiro,noun,Dense fog outside.,Nevoeiro denso lá fora.,,,
temperature,temperatura,noun,High temperature today.,Temperatura alta hoje.,,,
hot,quente,adjective,Very hot day.,Dia muito quente.,,,
cold,frio,adjective,Cold winter night.,Noite fria de inverno.,,,
warm,morno,adjective,Warm water please.,Água morna por favor.,,,
cool,fresco,adjective,Cool evening breeze.,Brisa fresca da noite.,,,
humid,húmido,adjective,Humid tropical climate.,Clima tropical húmido.,,,
dry,seco,adjective,Dry desert region.,Região desértica seca.,,,
mountain,montanha,noun,High mountain peak.,Pico alto da montanha.,,,
river,rio,noun,Long river flows.,Rio longo flui.,,,
sea,mar,noun,Blue sea waves.,Ondas azuis do mar.,,,
ocean,oceano,noun,Atlantic ocean view.,Vista do oceano Atlântico.,,,
lake,lago,noun,Peaceful lake water.,Água tranquila do lago.,,,
forest,floresta,noun,Dense green forest.,Floresta verde densa.,,,
tree,árvore,noun,Tall old tree.,Árvore velha alta.,,,
flower,flor,noun,Beautiful red flower.,Flor vermelha bonita.,,,
plant,planta,noun,Green house plant.,Planta verde de casa.,,,
grass,relva,noun,Fresh green grass.,Relva verde fresca.,,,
stone,pedra,noun,Heavy grey stone.,Pedra cinzenta pesada.,,,
rock,rocha,noun,Solid rock formation.,Formação rochosa sólida.,,,
sand,areia,noun,Golden beach sand.,Areia dourada da praia.,,,
beach,praia,noun,Beautiful sandy beach.,Praia arenosa bonita.,,,
island,ilha,noun,Small tropical island.,Ilha tropical pequena.,,,
valley,vale,noun,Deep green valley.,Vale verde profundo.,,,
hill,colina,noun,Gentle rolling hill.,Colina suave ondulante.,,,
field,campo,noun,Open wheat field.,Campo aberto de trigo.,,,
garden,jardim,noun,Lovely flower garden.,Jardim encantador de flores.,,,
park,parque,noun,Large city park.,Parque grande da cidade.,,,
bridge,ponte,noun,Long stone bridge.,Ponte longa de pedra.,,,
road,estrada,noun,Narrow country road.,Estrada estreita do campo.,,,
path,caminho,noun,Rocky mountain path.,Caminho rochoso da montanha.,,,
street,rua,noun,Busy commercial street.,Rua comercial movimentada.,,,
square,praça,noun,Historic town square.,Praça histórica da cidade.,,,
building,edifício,noun,Tall modern building.,Edifício moderno alto.,,,
tower,torre,noun,Ancient stone tower.,Torre antiga de pedra.,,,
wall,parede,noun,White painted wall.,Parede pintada de branco.,,,
door,porta,noun,Heavy wooden door.,Porta pesada de madeira.,,,
window,janela,noun,Large glass window.,Janela grande de vidro.,,,
roof,telhado,noun,Red tile roof.,Telhado vermelho de telha.,,,
floor,chão,noun,Clean marble floor.,Chão limpo de mármore.,,,
ceiling,teto,noun,High decorated ceiling.,Teto alto decorado.,,,
stairs,escadas,noun,Steep wooden stairs.,Escadas íngremes de madeira.,,,
room,quarto,noun,Spacious bright room.,Quarto espaçoso e luminoso.,,,
kitchen,cozinha,noun,Modern equipped kitchen.,Cozinha moderna equipada.,,,
bathroom,casa de banho,noun,Clean private bathroom.,Casa de banho privada limpa.,,,
bedroom,quarto de dormir,noun,Comfortable master bedroom.,Quarto de dormir principal confortável.,,,
living room,sala de estar,noun,Cozy living room.,Sala de estar acolhedora.,,,
happy,feliz,adjective,Very happy person.,Pessoa muito feliz.,,,
sad,triste,adjective,She feels sad.,Ela sente-se triste.,,,
angry,zangado,adjective,He is angry.,Ele está zangado.,,,
tired,cansado,adjective,I am tired.,Estou cansado.,,,
excited,entusiasmado,adjective,Children are excited.,As crianças estão entusiasmadas.,,,
worried,preocupado,adjective,Parents are worried.,Os pais estão preocupados.,,,
afraid,assustado,adjective,Dog is afraid.,O cão está assustado.,,,
surprised,surpreendido,adjective,She was surprised.,Ela ficou surpreendida.,,,
nervous,nervoso,adjective,He feels nervous.,Ele sente-se nervoso.,,,
calm,calmo,adjective,Stay calm please.,Mantém-te calmo por favor.,,,
proud,orgulhoso,adjective,Father is proud.,O pai está orgulhoso.,,,
lonely,solitário,adjective,She feels lonely.,Ela sente-se solitária.,,,
confused,confuso,adjective,Students are confused.,Os alunos estão confusos.,,,
disappointed,desiludido,adjective,He is disappointed.,Ele está desiludido.,,,
grateful,agradecido,adjective,I am grateful.,Estou agradecido.,,,
jealous,ciumento,adjective,She is jealous.,Ela está ciumenta.,,,
embarrassed,envergonhado,adjective,He feels embarrassed.,Ele sente-se envergonhado.,,,
bored,aborrecido,adjective,Children are bored.,As crianças estão aborrecidas.,,,
curious,curioso,adjective,Cat is curious.,O gato é curioso.,,,
to walk,andar,verb-regular,I walk daily.,Eu ando diariamente.,ando|andas|anda|andamos|andais|andam,andei|andaste|andou|andamos|andastes|andaram,andava|andavas|andava|andávamos|andáveis|andavam,andarei|andarás|andará|andaremos|andareis|andarão
to run,correr,verb-regular,They run fast.,Eles correm rápido.,corro|corres|corre|corremos|correis|correm,corri|correste|correu|corremos|correstes|correram,corria|corrias|corria|corríamos|corríeis|corriam,correrei|correrás|correrá|correremos|correreis|correrão
to jump,saltar,verb-regular,Kids jump high.,As crianças saltam alto.,salto|saltas|salta|saltamos|saltais|saltam,saltei|saltaste|saltou|saltamos|saltastes|saltaram,saltava|saltavas|saltava|saltávamos|saltáveis|saltavam,saltarei|saltarás|saltará|saltaremos|saltareis|saltarão
to swim,nadar,verb-regular,She swims well.,Ela nada bem.,nado|nadas|nada|nadamos|nadais|nadam,nadei|nadaste|nadou|nadamos|nadastes|nadaram,nadava|nadavas|nadava|nadávamos|nadáveis|nadavam,nadarei|nadarás|nadará|nadaremos|nadareis|nadarão
to fly,voar,verb-regular,Birds fly high.,Os pássaros voam alto.,voo|voas|voa|voamos|voais|voam,voei|voaste|voou|voamos|voastes|voaram,voava|voavas|voava|voávamos|voáveis|voavam,voarei|voarás|voará|voaremos|voareis|voarão
to climb,subir,verb-regular,He climbs mountains.,Ele sobe montanhas.,subo|sobes|sobe|subimos|subis|sobem,subi|subiste|subiu|subimos|subistes|subiram,subia|subias|subia|subíamos|subíeis|subiam,subirei|subirás|subirá|subiremos|subireis|subirão
to fall,cair,verb-irregular,Don't fall down.,Não caias.,caio|cais|cai|caímos|caís|caem,caí|caíste|caiu|caímos|caístes|caíram,caía|caías|caía|caíamos|caíeis|caíam,cairei|cairás|cairá|cairemos|caireis|cairão
to dance,dançar,verb-regular,We dance together.,Nós dançamos juntos.,danço|danças|dança|dançamos|dançais|dançam,dancei|dançaste|dançou|dançamos|dançastes|dançaram,dançava|dançavas|dançava|dançávamos|dançáveis|dançavam,dançarei|dançarás|dançará|dançaremos|dançareis|dançarão
to sing,cantar,verb-regular,She sings beautifully.,Ela canta lindamente.,canto|cantas|canta|cantamos|cantais|cantam,cantei|cantaste|cantou|cantamos|cantastes|cantaram,cantava|cantavas|cantava|cantávamos|cantáveis|cantavam,cantarei|cantarás|cantará|cantaremos|cantareis|cantarão
to play,jogar,verb-regular,Children play games.,As crianças jogam jogos.,jogo|jogas|joga|jogamos|jogais|jogam,joguei|jogaste|jogou|jogamos|jogastes|jogaram,jogava|jogavas|jogava|jogávamos|jogáveis|jogavam,jogarei|jogarás|jogará|jogaremos|jogareis|jogarão
to laugh,rir,verb-irregular,They laugh loudly.,Eles riem alto.,rio|ris|ri|rimos|rides|riem,ri|riste|riu|rimos|ristes|riram,ria|rias|ria|ríamos|ríeis|riam,rirei|rirás|rirá|riremos|rireis|rirão
to cry,chorar,verb-regular,Baby cries often.,O bebé chora frequentemente.,choro|choras|chora|choramos|chorais|choram,chorei|choraste|chorou|choramos|chorastes|choraram,chorava|choravas|chorava|chorávamos|choráveis|choravam,chorarei|chorarás|chorará|choraremos|chorareis|chorarão
to smile,sorrir,verb-irregular,She smiles always.,Ela sorri sempre.,sorrio|sorris|sorri|sorrimos|sorrides|sorriem,sorri|sorriste|sorriu|sorrimos|sorristes|sorriram,sorria|sorrias|sorria|sorríamos|sorríeis|sorriam,sorrirei|sorrirás|sorrirá|sorriremos|sorrireis|sorrirão
to shout,gritar,verb-regular,Don't shout here.,Não grites aqui.,grito|gritas|grita|gritamos|gritais|gritam,gritei|gritaste|gritou|gritamos|gritastes|gritaram,gritava|gritavas|gritava|gritávamos|gritáveis|gritavam,gritarei|gritarás|gritará|gritaremos|gritareis|gritarão
to whisper,sussurrar,verb-regular,He whispers quietly.,Ele sussurra baixinho.,sussurro|sussurras|sussurra|sussurramos|sussurrais|sussurram,sussurrei|sussurraste|sussurrou|sussurramos|sussurrastes|sussurraram,sussurrava|sussurravas|sussurrava|sussurrávamos|sussurráveis|sussurravam,sussurrarei|sussurrarás|sussurrará|sussurraremos|sussurrareis|sussurrarão
to touch,tocar,verb-regular,Don't touch that.,Não toques nisso.,toco|tocas|toca|tocamos|tocais|tocam,toquei|tocaste|tocou|tocamos|tocastes|tocaram,tocava|tocavas|tocava|tocávamos|tocáveis|tocavam,tocarei|tocarás|tocará|tocaremos|tocareis|tocarão
to hold,segurar,verb-regular,Hold my hand.,Segura a minha mão.,seguro|seguras|segura|seguramos|segurais|seguram,segurei|seguraste|segurou|segurámos|segurastes|seguraram,segurava|seguravas|segurava|segurávamos|seguráveis|seguravam,segurarei|segurarás|segurará|seguraremos|segurareis|segurarão
to push,empurrar,verb-regular,Push the door.,Empurra a porta.,empurro|empurras|empurra|empurramos|empurrais|empurram,empurrei|empurraste|empurrou|empurramos|empurrastes|empurraram,empurrava|empurravas|empurrava|empurrávamos|empurráveis|empurravam,empurrarei|empurrarás|empurrará|empurraremos|empurrareis|empurrarão
to pull,puxar,verb-regular,Pull the rope.,Puxa a corda.,puxo|puxas|puxa|puxamos|puxais|puxam,puxei|puxaste|puxou|puxamos|puxastes|puxaram,puxava|puxavas|puxava|puxávamos|puxáveis|puxavam,puxarei|puxarás|puxará|puxaremos|puxareis|puxarão
to throw,atirar,verb-regular,Throw the ball.,Atira a bola.,atiro|atiras|atira|atiramos|atirais|atiram,atirei|atiraste|atirou|atiramos|atirastes|atiraram,atirava|atiravas|atirava|atirávamos|atiráveis,atiravam|atirarei|atirarás|atirará|atiraremos|atirareis|atirarão
to catch,apanhar,verb-regular,Catch the fish.,Apanha o peixe.,apanho|apanhas|apanha|apanhamos|apanhais|apanham,apanhei|apanhaste|apanhou|apanhamos|apanhastes|apanharam,apanhava|apanhavas|apanhava|apanhávamos|apanháveis|apanhavam,apanharei|apanharás|apanhará|apanharemos|apanhareis|apanharão
to kick,pontapear,verb-regular,Kick the ball.,Pontapeia a bola.,pontapeio|pontapeias|pontapeia|pontapeamos|pontapeais|pontapeiam,pontapeei|pontapeaste|pontapeou|pontapeamos|pontapeastes|pontapearam,pontapeava|pontapeavas|pontapeava|pontapeávamos|pontapeáveis|pontapeavam,pontapearei|pontapearás|pontapeará|pontapearemos|pontapeareis|pontapearão
to hit,bater,verb-regular,Don't hit people.,Não batas nas pessoas.,bato|bates|bate|batemos|bateis|batem,bati|bateste|bateu|batemos|batestes|bateram,batia|batias|batia|batíamos|batíeis|batiam,baterei|baterás|baterá|bateremos|batereis|baterão
to break,partir,verb-irregular,Don't break it.,Não o partas.,parto|partes|parte|partimos|partis|partem,parti|partiste|partiu|partimos|partistes|partiram,partia|partias|partia|partíamos|partíeis|partiam,partirei|partirás|partirá|partiremos|partireis|partirão
to fix,arranjar,verb-regular,Can you fix this?,Podes arranjar isto?,arranjo|arranjas|arranja|arranjamos|arranjais|arranjam,arranjei|arranjaste|arranjou|arranjamos|arranjas|arranjaram,arranjava|arranjavas|arranjava|arranjávamos|arranjáveis|arranjavam,arranjarei|arranjarás|arranjará|arranjaremos|arranjareis|arranjarão
to build,construir,verb-irregular,They build houses.,Eles constroem casas.,construo|constróis|constrói|construímos|construís|constroem,construí|construíste|construiu|construímos|construístes|construíram,construía|construías|construía|construíamos|construíeis|construíam,construirei|construirás|construirá|construiremos|construireis|construirão
to destroy,destruir,verb-irregular,War destroys cities.,A guerra destrói cidades.,destruo|destróis|destrói|destruímos|destruís|destroem,destruí|destruíste|destruiu|destruímos|destruístes|destruíram,destruía|destruías|destruía|destruíamos|destruíeis|destruíam,destruirei|destruirás|destruirá|destruiremos|destruireis|destruirão
to create,criar,verb-regular,Artists create art.,Os artistas criam arte.,crio|crias|cria|criamos|criais|criam,criei|criaste|criou|criamos|criastes|criaram,criava|criavas|criava|criávamos|criáveis|criavam,criarei|criarás|criará|criaremos|criareis|criarão
to draw,desenhar,verb-regular,She draws well.,Ela desenha bem.,desenho|desenhas|desenha|desenhamos|desenhais|desenham,desenhei|desenhaste|desenhou|desenhamos|desenhastes|desenharam,desenhava|desenhavas|desenhava|desenhávamos|desenhávies|desenhavam,desenharei|desenharás|desenhará|desenharemos|desenhareis|desenharão
to paint,pintar,verb-regular,He paints houses.,Ele pinta casas.,pinto|pintas|pinta|pintamos|pintais|pintam,pintei|pintaste|pintou|pintamos|pintastes|pintaram,pintava|pintavas|pintava|pintávamos|pintáveis|pintavam,pintarei|pintarás|pintará|pintaremos|pintareis|pintarão
to write,escrever,verb-regular,I write letters.,Eu escrevo cartas.,escrevo|escreves|escreve|escrevemos|escreveis|escrevem,escrevi|escreveste|escreveu|escrevemos|escrevestes|escreveram,escrevia|escrevias|escrevia|escrevíamos|escrevíeis|escreviam,escreverei|escreverás|escreverá|escreveremos|escrevereis|escreverão
to read,ler,verb-irregular,She reads books.,Ela lê livros.,leio|lês|lê|lemos|ledes|leem,li|leste|leu|lemos|lestes|leram,lia|lias|lia|líamos|líeis|liam,lerei|lerás|lerá|leremos|lereis|lerão
to listen,ouvir,verb-irregular,Listen to me.,Ouve-me.,ouço|ouves|ouve|ouvimos|ouvis|ouvem,ouvi|ouviste|ouviu|ouvimos|ouvistes|ouviram,ouvia|ouvias|ouvia|ouvíamos|ouvíeis|ouviam,ouvirei|ouvirás|ouvirá|ouviremos|ouvireis|ouvirão
to watch,ver,verb-irregular,Watch the movie.,Vê o filme.,vejo|vês|vê|vemos|vedes|veem,vi|viste|viu|vimos|vistes|viram,via|vias|via|víamos|víeis|viam,verei|verás|verá|veremos|vereis|verão
to look,olhar,verb-regular,Look at this.,Olha para isto.,olho|olhas|olha|olhamos|olhais|olham,olhei|olhaste|olhou|olhamos|olhastes|olharam,olhava|olhavas|olhava|olhávamos|olháveis|olhavam,olharei|olharás|olhará|olharemos|olhareis|olharão
to see,ver,verb-irregular,I see you.,Eu vejo-te.,vejo|vês|vê|vemos|vedes|veem,vi|viste|viu|vimos|vistes|viram,via|vias|via|víamos|víeis|viam,verei|verás|verá|veremos|vereis|verão
to hear,ouvir,verb-irregular,I hear music.,Eu ouço música.,ouço|ouves|ouve|ouvimos|ouvis|ouvem,ouvi|ouviste|ouviu|ouvimos|ouvistes|ouviram,ouvia|ouvias|ouvia|ouvíamos|ouvíeis|ouviam,ouvirei|ouvirás|ouvirá|ouviremos|ouvireis|ouvirão
to smell,cheirar,verb-regular,Smell the flowers.,Cheira as flores.,cheiro|cheiras|cheira|cheiramos|cheirais|cheiram,cheirei|cheiraste|cheirou|cheiramos|cheirastes|cheiraram,cheirava|cheiravas|cheirava|cheirávamos|cheiráveis|cheiravam,cheirarei|cheirarás|cheirará|cheiraremos|cheirareis|cheirarão
to taste,provar,verb-regular,Taste this food.,Prova esta comida.,provo|provas|prova|provamos|provais|provam,provei|provaste|provou|provamos|provastes|provaram,provava|provavas|provava|provávamos|prováveis|provavam,provarei|provarás|provará|provaremos|provareis|provarão
to feel,sentir,verb-irregular,I feel cold.,Eu sinto frio.,sinto|sentes|sente|sentimos|sentis|sentem,senti|sentiste|sentiu|sentimos|sentistes|sentiram,sentia|sentias|sentia|sentíamos|sentíeis|sentiam,sentirei|sentirás|sentirá|sentiremos|sentireis|sentirão
computer,computador,noun,My computer works.,O meu computador funciona.,,,
keyboard,teclado,noun,Wireless keyboard here.,Teclado sem fios aqui.,,,
mouse,rato,noun,Computer mouse broken.,Rato do computador partido.,,,
screen,ecrã,noun,Large screen display.,Ecrã grande de visualização.,,,
printer,impressora,noun,Office printer jammed.,Impressora do escritório encravada.,,,
software,software,noun,New software version.,Nova versão de software.,,,
hardware,hardware,noun,Computer hardware upgrade.,Atualização de hardware do computador.,,,
network,rede,noun,Wireless network available.,Rede sem fios disponível.,,,
internet,internet,noun,Fast internet connection.,Ligação rápida à internet.,,,
website,sítio web,noun,Useful website design.,Design útil do sítio web.,,,
email,email,noun,Send me email.,Envia-me um email.,,,
password,palavra-passe,noun,Strong password required.,Palavra-passe forte necessária.,,,
username,nome de utilizador,noun,Unique username needed.,Nome de utilizador único necessário.,,,
download,transferência,noun,Quick file download.,Transferência rápida de ficheiro.,,,
upload,carregamento,noun,Photo upload complete.,Carregamento de foto concluído.,,,
file,ficheiro,noun,Important file saved.,Ficheiro importante guardado.,,,
folder,pasta,noun,New folder created.,Nova pasta criada.,,,
document,documento,noun,Official document signed.,Documento oficial assinado.,,,
page,página,noun,First page blank.,Primeira página em branco.,,,
link,ligação,noun,Broken link found.,Ligação partida encontrada.,,,
click,clique,noun,Single click enough.,Um clique é suficiente.,,,
button,botão,noun,Red button pressed.,Botão vermelho premido.,,,
menu,menu,noun,Drop-down menu open.,Menu pendente aberto.,,,
icon,ícone,noun,Desktop icon missing.,Ícone do ambiente de trabalho em falta.,,,
science,ciência,noun,Modern science advances.,A ciência moderna avança.,,,
mathematics,matemática,noun,Advanced mathematics course.,Curso avançado de matemática.,,,
physics,física,noun,Quantum physics theory.,Teoria de física quântica.,,,
chemistry,química,noun,Organic chemistry lab.,Laboratório de química orgânica.,,,
biology,biologia,noun,Marine biology study.,Estudo de biologia marinha.,,,
history,história,noun,European history lesson.,Lição de história europeia.,,,
geography,geografia,noun,World geography map.,Mapa de geografia mundial.,,,
literature,literatura,noun,Portuguese literature class.,Aula de literatura portuguesa.,,,
language,língua,noun,Foreign language learning.,Aprendizagem de língua estrangeira.,,,
grammar,gramática,noun,English grammar rules.,Regras de gramática inglesa.,,,
vocabulary,vocabulário,noun,Rich vocabulary needed.,Vocabulário rico necessário.,,,
pronunciation,pronúncia,noun,Correct pronunciation important.,Pronúncia correta importante.,,,
lesson,lição,noun,First lesson starts.,A primeira lição começa.,,,
homework,trabalho de casa,noun,Difficult homework assignment.,Trabalho de casa difícil.,,,
exam,exame,noun,Final exam approaching.,Exame final a aproximar-se.,,,
test,teste,noun,Weekly test tomorrow.,Teste semanal amanhã.,,,
grade,nota,noun,Good grade received.,Boa nota recebida.,,,
class,aula,noun,Boring class today.,Aula chata hoje.,,,
course,curso,noun,Online course available.,Curso online disponível.,,,
subject,disciplina,noun,Favorite subject chosen.,Disciplina favorita escolhida.,,,
teacher,professor,noun,Experienced teacher hired.,Professor experiente contratado.,,,
student,aluno,noun,Diligent student studies.,Aluno diligente estuda.,,,
professor,professor universitário,noun,University professor teaches.,Professor universitário ensina.,,,
school,escola,noun,Primary school nearby.,Escola primária perto.,,,
university,universidade,noun,Public university open.,Universidade pública aberta.,,,
college,faculdade,noun,Medical college entrance.,Entrada na faculdade de medicina.,,,
library,biblioteca,noun,Public library closed.,Biblioteca pública fechada.,,,
book,livro,noun,Interesting book read.,Livro interessante lido.,,,
notebook,caderno,noun,New notebook bought.,Caderno novo comprado.,,,
pen,caneta,noun,Blue pen writes.,Caneta azul escreve.,,,
pencil,lápis,noun,Sharp pencil needed.,Lápis afiado necessário.,,,
paper,papel,noun,White paper sheet.,Folha de papel branco.,,,
desk,secretária,noun,Wooden desk organized.,Secretária de madeira organizada.,,,
chair,cadeira,noun,Comfortable chair sits.,Cadeira confortável para sentar.,,,
table,mesa,noun,Round table fits.,Mesa redonda cabe.,,,
board,quadro,noun,White board cleaned.,Quadro branco limpo.,,,
football,futebol,noun,Portuguese football team.,Equipa portuguesa de futebol.,,,
tennis,ténis,noun,Professional tennis player.,Jogador profissional de ténis.,,,
basketball,basquetebol,noun,Indoor basketball court.,Campo de basquetebol interior.,,,
swimming,natação,noun,Olympic swimming competition.,Competição olímpica de natação.,,,
running,corrida,noun,Marathon running event.,Evento de corrida de maratona.,,,
cycling,ciclismo,noun,Mountain cycling route.,Rota de ciclismo de montanha.,,,
skiing,esqui,noun,Alpine skiing lesson.,Lição de esqui alpino.,,,
surfing,surf,noun,Ocean surfing waves.,Ondas de surf no oceano.,,,
golf,golfe,noun,Golf course green.,Campo de golfe verde.,,,
boxing,boxe,noun,Professional boxing match.,Combate profissional de boxe.,,,
volleyball,voleibol,noun,Beach volleyball game.,Jogo de voleibol de praia.,,,
game,jogo,noun,Exciting game played.,Jogo emocionante jogado.,,,
match,jogo,noun,Important match won.,Jogo importante ganho.,,,
team,equipa,noun,Strong team wins.,Equipa forte ganha.,,,
player,jogador,noun,Talented player scores.,Jogador talentoso marca.,,,
ball,bola,noun,Round ball bounces.,Bola redonda salta.,,,
goal,golo,noun,Winning goal scored.,Golo vencedor marcado.,,,
score,resultado,noun,Final score announced.,Resultado final anunciado.,,,
win,vitória,noun,Great victory celebrated.,Grande vitória celebrada.,,,
loss,derrota,noun,Painful loss accepted.,Derrota dolorosa aceite.,,,
champion,campeão,noun,World champion crowned.,Campeão mundial coroado.,,,
medal,medalha,noun,Gold medal won.,Medalha de ouro ganha.,,,
trophy,troféu,noun,Silver trophy awarded.,Troféu de prata atribuído.,,,
prize,prémio,noun,Grand prize received.,Grande prémio recebido.,,,
competition,competição,noun,National competition organized.,Competição nacional organizada.,,,
to train,treinar,verb-regular,Athletes train daily.,Os atletas treinam diariamente.,treino|treinas|treina|treinamos|treinais|treinam,treinei|treinaste|treinou|treinamos|treinastes|treinaram,treinava|treinavas|treinava|treinávamos|treináveis|treinavam,treinarei|treinarás|treinará|treinaremos|treinareis|treinarão
to compete,competir,verb-irregular,Teams compete fiercely.,As equipas competem ferozmente.,compito|competes|compete|competimos|competis|competem,competi|competiste|competiu|competimos|competistes|competiram,competia|competias|competia|competíamos|competíeis|competiam,competirei|competirás|competirá|competiremos|competireis|competirão
to practice,praticar,verb-regular,I practice daily.,Eu pratico diariamente.,pratico|praticas|pratica|praticamos|praticais|praticam,pratiquei|praticaste|praticou|praticamos|praticastes|praticaram,praticava|praticavas|praticava|praticávamos|praticáveis|praticavam,praticarei|praticarás|praticará|praticaremos|praticareis|praticarão
to exercise,exercitar,verb-regular,She exercises regularly.,Ela exercita-se regularmente.,exercito|exercitas|exercita|exercitamos|exercitais|exercitam,exercitei|exercitaste|exercitou|exercitamos|exercitastes|exercitaram,exercitava|exercitavas|exercitava|exercitávamos|exercitáveis|exercitavam,exercitarei|exercitarás|exercitará|exercitaremos|exercitareis|exercitarão
healthy,saudável,adjective,Healthy lifestyle important.,Estilo de vida saudável importante.,,,
sick,doente,adjective,He is sick.,Ele está doente.,,,
strong,forte,adjective,Strong muscles built.,Músculos fortes construídos.,,,
weak,fraco,adjective,Feeling weak today.,Sentir-se fraco hoje.,,,
fast,rápido,adjective,Fast runner wins.,Corredor rápido ganha.,,,
slow,lento,adjective,Slow movement observed.,Movimento lento observado.,,,
loud,alto,adjective,Loud noise heard.,Barulho alto ouvido.,,,
quiet,silencioso,adjective,Quiet room preferred.,Sala silenciosa preferida.,,,
bright,brilhante,adjective,Bright light shines.,Luz brilhante brilha.,,,
dark,escuro,adjective,Dark night falls.,Noite escura cai.,,,
clean,limpo,adjective,Clean clothes worn.,Roupa limpa vestida.,,,
dirty,sujo,adjective,Dirty shoes removed.,Sapatos sujos tirados.,,,
easy,fácil,adjective,Easy task completed.,Tarefa fácil concluída.,,,
difficult,difícil,adjective,Difficult problem solved.,Problema difícil resolvido.,,,
simple,simples,adjective,Simple solution found.,Solução simples encontrada.,,,
complicated,complicado,adjective,Complicated situation arises.,Situação complicada surge.,,,
interesting,interessante,adjective,Interesting story told.,História interessante contada.,,,
boring,chato,adjective,Boring movie watched.,Filme chato visto.,,,
beautiful,bonito,adjective,Beautiful view enjoyed.,Vista bonita apreciada.,,,
ugly,feio,adjective,Ugly building demolished.,Edifício feio demolido.,,,
cheap,barato,adjective,Cheap price offered.,Preço barato oferecido.,,,
expensive,caro,adjective,Expensive car bought.,Carro caro comprado.,,,
free,grátis,adjective,Free sample given.,Amostra grátis dada.,,,
available,disponível,adjective,Room available now.,Quarto disponível agora.,,,
busy,ocupado,adjective,Very busy day.,Dia muito ocupado.,,,
empty,vazio,adjective,Empty bottle discarded.,Garrafa vazia descartada.,,,
full,cheio,adjective,Full tank filled.,Depósito cheio enchido.,,,
open,aberto,adjective,Store open today.,Loja aberta hoje.,,,
closed,fechado,adjective,Bank closed now.,Banco fechado agora.,,,
possible,possível,adjective,Everything is possible.,Tudo é possível.,,,
impossible,impossível,adjective,Task seems impossible.,Tarefa parece impossível.,,,
necessary,necessário,adjective,Documents are necessary.,Documentos são necessários.,,,
important,importante,adjective,Very important meeting.,Reunião muito importante.,,,
dangerous,perigoso,adjective,Dangerous situation avoided.,Situação perigosa evitada.,,,
safe,seguro,adjective,Safe place found.,Lugar seguro encontrado.,,,
comfortable,confortável,adjective,Comfortable bed slept.,Cama confortável dormida.,,,
uncomfortable,desconfortável,adjective,Uncomfortable chair sat.,Cadeira desconfortável sentada.,,,
strange,estranho,adjective,Strange noise heard.,Barulho estranho ouvido.,,,
normal,normal,adjective,Normal behavior expected.,Comportamento normal esperado.,,,
special,especial,adjective,Special occasion celebrated.,Ocasião especial celebrada.,,,
general,geral,adjective,General information given.,Informação geral dada.,,,
particular,particular,adjective,Particular case studied.,Caso particular estudado.,,,
public,público,adjective,Public park visited.,Parque público visitado.,,,
private,privado,adjective,Private property protected.,Propriedade privada protegida.,,,
common,comum,adjective,Common problem solved.,Problema comum resolvido.,,,
rare,raro,adjective,Rare bird spotted.,Pássaro raro avistado.,,,
usual,habitual,adjective,Usual routine followed.,Rotina habitual seguida.,,,
unusual,invulgar,adjective,Unusual weather today.,Tempo invulgar hoje.,,,
similar,semelhante,adjective,Similar results found.,Resultados semelhantes encontrados.,,,
different,diferente,adjective,Different opinion expressed.,Opinião diferente expressa.,,,
same,mesmo,adjective,Same mistake repeated.,Mesmo erro repetido.,,,
other,outro,adjective,Other option chosen.,Outra opção escolhida.,,,
another,outro,adjective,Another chance given.,Outra oportunidade dada.,,,
bread,pão,noun,Fresh bread baked.,Pão fresco cozido.,,,
butter,manteiga,noun,Salted butter spread.,Manteiga salgada espalhada.,,,
cheese,queijo,noun,Portuguese cheese tasted.,Queijo português provado.,,,
egg,ovo,noun,Boiled egg eaten.,Ovo cozido comido.,,,
meat,carne,noun,Red meat cooked.,Carne vermelha cozinhada.,,,
fish,peixe,noun,Fresh fish caught.,Peixe fresco apanhado.,,,
chicken,frango,noun,Roasted chicken served.,Frango assado servido.,,,
rice,arroz,noun,White rice cooked.,Arroz branco cozinhado.,,,
potato,batata,noun,Fried potato chips.,Batatas fritas.,,,
tomato,tomate,noun,Ripe tomato sliced.,Tomate maduro cortado.,,,
onion,cebola,noun,Chopped onion cried.,Cebola picada chorou.,,,
garlic,alho,noun,Fresh garlic used.,Alho fresco usado.,,,
salt,sal,noun,Sea salt added.,Sal marinho adicionado.,,,
pepper,pimenta,noun,Black pepper ground.,Pimenta preta moída.,,,
sugar,açúcar,noun,White sugar dissolved.,Açúcar branco dissolvido.,,,
oil,azeite,noun,Olive oil poured.,Azeite vertido.,,,
sauce,molho,noun,Tomato sauce prepared.,Molho de tomate preparado.,,,
soup,sopa,noun,Hot soup served.,Sopa quente servida.,,,
salad,salada,noun,Green salad fresh.,Salada verde fresca.,,,
dessert,sobremesa,noun,Sweet dessert enjoyed.,Sobremesa doce apreciada.,,,
cake,bolo,noun,Birthday cake decorated.,Bolo de aniversário decorado.,,,
cookie,bolacha,noun,Chocolate cookie eaten.,Bolacha de chocolate comida.,,,
fruit,fruta,noun,Fresh fruit bought.,Fruta fresca comprada.,,,
apple,maçã,noun,Red apple bitten.,Maçã vermelha mordida.,,,
banana,banana,noun,Yellow banana peeled.,Banana amarela descascada.,,,
orange,laranja,noun,Juicy orange squeezed.,Laranja sumarenta espremida.,,,
lemon,limão,noun,Sour lemon tasted.,Limão azedo provado.,,,
strawberry,morango,noun,Sweet strawberry picked.,Morango doce apanhado.,,,
grape,uva,noun,Purple grape eaten.,Uva roxa comida.,,,
vegetable,legume,noun,Green vegetable cooked.,Legume verde cozinhado.,,,
carrot,cenoura,noun,Orange carrot chopped.,Cenoura laranja picada.,,,
lettuce,alface,noun,Fresh lettuce washed.,Alface fresca lavada.,,,
to cook,cozinhar,verb-regular,She cooks well.,Ela cozinha bem.,cozinho|cozinhas|cozinha|cozinhamos|cozinhais|cozinham,cozinhei|cozinhaste|cozinhou|cozinhamos|cozinhastes|cozinharam,cozinhava|cozinhavas|cozinhava|cozinhávamos|cozinháveis|cozinhavam,cozinharei|cozinharás|cozinhará|cozinharemos|cozinhareis|cozinharão
to bake,cozer,verb-regular,I bake bread.,Eu cozo pão.,cozo|cozes|coze|cozemos|cozeis|cozem,cozi|cozeste|cozeu|cozemos|cozestes|cozeram,cozia|cozias|cozia|cozíamos|cozíeis|coziam,cozerei|cozerás|cozerá|cozeremos|cozereis|cozerão
to fry,fritar,verb-regular,Fry the eggs.,Frita os ovos.,frito|fritas|frita|fritamos|fritais|fritam,fritei|fritaste|fritou|fritamos|fritastes|fritaram,fritava|fritavas|fritava|fritávamos|fritáveis|fritavam,fritarei|fritarás|fritará|fritaremos|fritareis|fritarão
to boil,ferver,verb-regular,Boil the water.,Ferve a água.,fervo|ferves|ferve|fervemos|ferveis|fervem,fervi|ferveste|ferveu|fervemos|fervestes|ferveram,fervia|fervias|fervia|fervíamos|fervíeis|ferviam,ferverei|ferverás|ferverá|ferveremos|fervereis|ferverão
to cut,cortar,verb-regular,Cut the bread.,Corta o pão.,corto|cortas|corta|cortamos|cortais|cortam,cortei|cortaste|cortou|cortamos|cortastes|cortaram,cortava|cortavas|cortava|cortávamos|cortáveis|cortavam,cortarei|cortarás|cortará|cortaremos|cortareis|cortarão
to wash,lavar,verb-regular,Wash the dishes.,Lava a louça.,lavo|lavas|lava|lavamos|lavais|lavam,lavei|lavaste|lavou|lavamos|lavastes|lavaram,lavava|lavavas|lavava|lavávamos|laváveis|lavavam,lavarei|lavarás|lavará|lavaremos|lavareis|lavarão
to clean,limpar,verb-regular,Clean the house.,Limpa a casa.,limpo|limpas|limpa|limpamos|limpais|limpam,limpei|limpaste|limpou|limpamos|limpastes|limparam,limpava|limpavas|limpava|limpávamos|limpáveis|limpavam,limparei|limparás|limpará|limparemos|limpareis|limparão
to dry,secar,verb-regular,Dry your hands.,Seca as mãos.,seco|secas|seca|secamos|secais|secam,sequei|secaste|secou|secamos|secastes|secaram,secava|secavas|secava|secávamos|secáveis|secavam,secarei|secarás|secará|secaremos|secareis|secarão
to organize,organizar,verb-regular,Organize the files.,Organiza os ficheiros.,organizo|organizas|organiza|organizamos|organizais|organizam,organizei|organizaste|organizou|organizamos|organizastes|organizaram,organizava|organizavas|organizava|organizávamos|organizáveis|organizavam,organizarei|organizarás|organizará|organizaremos|organizareis|organizarão
to prepare,preparar,verb-regular,Prepare the meal.,Prepara a refeição.,preparo|preparas|prepara|preparamos|preparais|preparam,preparei|preparaste|preparou|preparamos|preparastes|prepararam,preparava|preparavas|preparava|preparávamos|preparáveis|preparavam,prepararei|prepararás|preparará|prepararemos|preparareis|prepararão
train,comboio,noun,Fast train arrives.,Comboio rápido chega.,,,
bus,autocarro,noun,City bus stops.,Autocarro da cidade para.,,,
tram,elétrico,noun,Yellow tram passes.,Elétrico amarelo passa.,,,
metro,metro,noun,Underground metro runs.,Metro subterrâneo corre.,,,
taxi,táxi,noun,Yellow taxi called.,Táxi amarelo chamado.,,,
bicycle,bicicleta,noun,Old bicycle ridden.,Bicicleta velha andada.,,,
motorcycle,mota,noun,Fast motorcycle speeds.,Mota rápida acelera.,,,
car,carro,noun,New car bought.,Carro novo comprado.,,,
truck,camião,noun,Heavy truck loads.,Camião pesado carrega.,,,
plane,avião,noun,Large plane flies.,Avião grande voa.,,,
boat,barco,noun,Small boat sails.,Barco pequeno navega.,,,
ship,navio,noun,Cargo ship docks.,Navio de carga atraca.,,,
ticket,bilhete,noun,Train ticket bought.,Bilhete de comboio comprado.,,,
station,estação,noun,Railway station busy.,Estação ferroviária ocupada.,,,
airport,aeroporto,noun,International airport crowded.,Aeroporto internacional cheio.,,,
port,porto,noun,Harbor port opens.,Porto de abrigo abre.,,,
journey,viagem,noun,Long journey planned.,Viagem longa planeada.,,,
trip,viagem,noun,Short trip enjoyed.,Viagem curta apreciada.,,,
travel,viagem,noun,World travel dreamed.,Viagem mundial sonhada.,,,
tour,passeio,noun,Guided tour booked.,Passeio guiado reservado.,,,
tourist,turista,noun,Foreign tourist visits.,Turista estrangeiro visita.,,,
to travel,viajar,verb-regular,I travel often.,Eu viajo frequentemente.,viajo|viajas|viaja|viajamos|viajais|viajam,viajei|viajaste|viajou|viajamos|viajastes|viajaram,viajava|viajavas|viajava|viajávamos|viajáveis|viajavam,viajarei|viajarás|viajará|viajaremos|viajareis|viajarão
to arrive,chegar,verb-regular,We arrive soon.,Nós chegamos em breve.,chego|chegas|chega|chegamos|chegais|chegam,cheguei|chegaste|chegou|chegamos|chegastes|chegaram,chegava|chegavas|chegava|chegávamos|chegáveis|chegavam,chegarei|chegarás|chegará|chegaremos|chegareis|chegarão
to depart,partir,verb-irregular,Train departs now.,O comboio parte agora.,parto|partes|parte|partimos|partis|partem,parti|partiste|partiu|partimos|partistes|partiram,partia|partias|partia|partíamos|partíeis|partiam,partirei|partirás|partirá|partiremos|partireis|partirão
to leave,sair,verb-irregular,I leave tomorrow.,Eu saio amanhã.,saio|sais|sai|saímos|saís|saem,saí|saíste|saiu|saímos|saístes|saíram,saía|saías|saía|saíamos|saíeis|saíam,sairei|sairás|sairá|sairemos|saireis|sairão
to return,voltar,verb-regular,She returns home.,Ela volta para casa.,volto|voltas|volta|voltamos|voltais|voltam,voltei|voltaste|voltou|voltamos|voltastes|voltaram,voltava|voltavas|voltava|voltávamos|voltáveis|voltavam,voltarei|voltarás|voltará|voltaremos|voltareis|voltarão
to visit,visitar,verb-regular,They visit museums.,Eles visitam museus.,visito|visitas|visita|visitamos|visitais|visitam,visitei|visitaste|visitou|visitamos|visitastes|visitaram,visitava|visitavas|visitava|visitávamos|visitáveis|visitavam,visitarei|visitarás|visitará|visitaremos|visitareis|visitarão
telephone,telefone,noun,Old telephone rings.,Telefone velho toca.,,,
message,mensagem,noun,Text message sent.,Mensagem de texto enviada.,,,
letter,carta,noun,Love letter written.,Carta de amor escrita.,,,
package,encomenda,noun,Mail package delivered.,Encomenda do correio entregue.,,,
address,morada,noun,Home address changed.,Morada de casa mudada.,,,
stamp,selo,noun,Postage stamp bought.,Selo postal comprado.,,,
to call,ligar,verb-regular,Call me later.,Liga-me depois.,ligo|ligas|liga|ligamos|ligais|ligam,liguei|ligaste|ligou|ligamos|ligastes|ligaram,ligava|ligavas|ligava|ligávamos|ligáveis|ligavam,ligarei|ligarás|ligará|ligaremos|ligareis|ligarão
to send,enviar,verb-regular,Send the email.,Envia o email.,envio|envias|envia|enviamos|enviais|enviam,enviei|enviaste|enviou|enviamos|enviastes|enviaram,enviava|enviavas|enviava|enviávamos|enviáveis|enviavam,enviarei|enviarás|enviará|enviaremos|enviareis|enviarão
to receive,receber,verb-regular,I receive gifts.,Eu recebo presentes.,recebo|recebes|recebe|recebemos|recebeis|recebem,recebi|recebeste|recebeu|recebemos|recebestes|receberam,recebia|recebias|recebia|recebíamos|recebíeis,recebiam|receberei|receberás|receberá|receberemos|recebereis|receberão
to answer,responder,verb-regular,Answer the question.,Responde à pergunta.,respondo|respondes|responde|respondemos|respondeis|respondem,respondi|respondeste|respondeu|respondemos|respondestes|responderam,respondia|respondias|respondia|respondíamos|respondíeis|respondiam,responderei|responderás|responderá|responderemos|respondereis|responderão
to ask,perguntar,verb-regular,Ask for help.,Pergunta por ajuda.,pergunto|perguntas|pergunta|perguntamos|perguntais|perguntam,perguntei|perguntaste|perguntou|perguntamos|perguntastes|perguntaram,perguntava|perguntavas|perguntava|perguntávamos|perguntáveis|perguntavam,perguntarei|perguntarás|perguntará|perguntaremos|perguntareis|perguntarão
to speak,falar,verb-regular,Speak Portuguese please.,Fala português por favor.,falo|falas|fala|falamos|falais|falam,falei|falaste|falou|falamos|falastes|falaram,falava|falavas|falava|falávamos|faláveis|falavam,falarei|falarás|falará|falaremos|falareis|falarão
to tell,contar,verb-regular,Tell the truth.,Conta a verdade.,conto|contas|conta|contamos|contais|contam,contei|contaste|contou|contamos|contastes|contaram,contava|contavas|contava|contávamos|contáveis|contavam,contarei|contarás|contará|contaremos|contareis|contarão
to say,dizer,verb-irregular,Say goodbye now.,Diz adeus agora.,digo|dizes|diz|dizemos|dizeis|dizem,disse|disseste|disse|dissemos|dissestes|disseram,dizia|dizias|dizia|dizíamos|dizíeis|diziam,direi|dirás|dirá|diremos|direis|dirão
to talk,conversar,verb-regular,They talk quietly.,Eles conversam baixinho.,converso|conversas|conversa|conversamos|conversais|conversam,conversei|conversaste|conversou|conversamos|conversastes|conversaram,conversava|conversavas|conversava|conversávamos|conversáveis|conversavam,conversarei|conversarás|conversará|conversaremos|conversareis|conversarão
to discuss,discutir,verb-irregular,Let's discuss this.,Vamos discutir isto.,discuto|discutes|discute|discutimos|discutis|discutem,discuti|discutiste|discutiu|discutimos|discutistes|discutiram,discutia|discutias|discutia|discutíamos|discutíeis|discutiam,discutirei|discutirás|discutirá|discutiremos|discutireis|discutirão
to explain,explicar,verb-regular,Explain the lesson.,Explica a lição.,explico|explicas|explica|explicamos|explicais|explicam,expliquei|explicaste|explicou|explicamos|explicastes|explicaram,explicava|explicavas|explicava|explicávamos|explicáveis|explicavam,explicarei|explicarás|explicará|explicaremos|explicareis|explicarão
